comparison,exposure_change,outcome_change,n,estimate_rho,p_value_exploratory,inference_status
2006_07_to_2011,economic_distress_urban_pct,home_share_pct,10,0.006061,0.986743,exploratory
2006_07_to_2011,economic_distress_urban_pct,street_share_pct,10,-0.309091,0.384841,exploratory
2006_07_to_2011,economic_distress_urban_pct,kothikhana_share_pct,10,0.430303,0.214492,exploratory
2006_07_to_2011,economic_distress_urban_pct,cellphone_share_pct,0,,,descriptive_only_n_below_6
2006_07_to_2011,female_illiteracy_urban_pct,home_share_pct,10,-0.036927,0.919331,exploratory
2006_07_to_2011,female_illiteracy_urban_pct,street_share_pct,10,0.184637,0.609596,exploratory
2006_07_to_2011,female_illiteracy_urban_pct,kothikhana_share_pct,10,-0.135401,0.709182,exploratory
2006_07_to_2011,female_illiteracy_urban_pct,cellphone_share_pct,0,,,descriptive_only_n_below_6
2006_07_to_2011,sanitation_deprivation_urban_pct,home_share_pct,10,-0.139394,0.700932,exploratory
2006_07_to_2011,sanitation_deprivation_urban_pct,street_share_pct,10,0.333333,0.346594,exploratory
2006_07_to_2011,sanitation_deprivation_urban_pct,kothikhana_share_pct,10,-0.272727,0.445838,exploratory
2006_07_to_2011,sanitation_deprivation_urban_pct,cellphone_share_pct,0,,,descriptive_only_n_below_6
2011_to_2014,economic_distress_urban_pct,home_share_pct,4,-0.800000,,descriptive_only_n_below_6
2011_to_2014,economic_distress_urban_pct,street_share_pct,4,0.800000,,descriptive_only_n_below_6
2011_to_2014,economic_distress_urban_pct,kothikhana_share_pct,4,-0.400000,,descriptive_only_n_below_6
2011_to_2014,economic_distress_urban_pct,cellphone_share_pct,4,0.800000,,descriptive_only_n_below_6
2011_to_2014,female_illiteracy_urban_pct,home_share_pct,4,0.000000,,descriptive_only_n_below_6
2011_to_2014,female_illiteracy_urban_pct,street_share_pct,4,0.000000,,descriptive_only_n_below_6
2011_to_2014,female_illiteracy_urban_pct,kothikhana_share_pct,4,-0.400000,,descriptive_only_n_below_6
2011_to_2014,female_illiteracy_urban_pct,cellphone_share_pct,4,0.000000,,descriptive_only_n_below_6
2011_to_2014,sanitation_deprivation_urban_pct,home_share_pct,4,0.774597,,descriptive_only_n_below_6
2011_to_2014,sanitation_deprivation_urban_pct,street_share_pct,4,-0.774597,,descriptive_only_n_below_6
2011_to_2014,sanitation_deprivation_urban_pct,kothikhana_share_pct,4,0.258199,,descriptive_only_n_below_6
2011_to_2014,sanitation_deprivation_urban_pct,cellphone_share_pct,4,-0.774597,,descriptive_only_n_below_6
