family,exposure,exposure_label,outcome,outcome_label,method,n,estimate_rho,p_value_exploratory,p_fdr_bh_within_atlas
2011_exposure_outcome_atlas,economic_distress_urban_pct,acute urban deterioration,fsw_density_per_1000_adult_men,mapped density,Spearman,15,-0.137623,0.624765,0.763873
2011_exposure_outcome_atlas,economic_distress_urban_pct,acute urban deterioration,fsw_total,mapped total,Spearman,15,0.657143,0.007770,0.069237
2011_exposure_outcome_atlas,economic_distress_urban_pct,acute urban deterioration,adult_male_population_implied,implied adult-male population,Spearman,15,0.625000,0.012727,0.069237
2011_exposure_outcome_atlas,economic_distress_urban_pct,acute urban deterioration,brothel_share_pct,brothel share,Spearman,15,-0.185940,0.507015,0.733349
2011_exposure_outcome_atlas,economic_distress_urban_pct,acute urban deterioration,street_share_pct,street share,Spearman,15,0.267857,0.334444,0.531175
2011_exposure_outcome_atlas,economic_distress_urban_pct,acute urban deterioration,home_share_pct,home share,Spearman,15,-0.146429,0.602550,0.756691
2011_exposure_outcome_atlas,economic_distress_urban_pct,acute urban deterioration,kothikhana_share_pct,kothikhana share,Spearman,15,0.617857,0.014104,0.069237
2011_exposure_outcome_atlas,economic_distress_urban_pct,acute urban deterioration,cellphone_share_pct,cellphone share,Spearman,15,-0.514746,0.049600,0.167400
2011_exposure_outcome_atlas,economic_distress_urban_pct,acute urban deterioration,other_share_pct,other share,Spearman,15,-0.156763,0.576887,0.750965
2011_exposure_outcome_atlas,economic_distress_all_pct,acute all-area deterioration,fsw_density_per_1000_adult_men,mapped density,Spearman,15,-0.091153,0.746635,0.857836
2011_exposure_outcome_atlas,economic_distress_all_pct,acute all-area deterioration,fsw_total,mapped total,Spearman,15,0.564286,0.028433,0.118104
2011_exposure_outcome_atlas,economic_distress_all_pct,acute all-area deterioration,adult_male_population_implied,implied adult-male population,Spearman,15,0.517857,0.048004,0.167400
2011_exposure_outcome_atlas,economic_distress_all_pct,acute all-area deterioration,brothel_share_pct,brothel share,Spearman,15,-0.156887,0.576582,0.750965
2011_exposure_outcome_atlas,economic_distress_all_pct,acute all-area deterioration,street_share_pct,street share,Spearman,15,0.407143,0.132013,0.324031
2011_exposure_outcome_atlas,economic_distress_all_pct,acute all-area deterioration,home_share_pct,home share,Spearman,15,0.000000,1.000000,1.000000
2011_exposure_outcome_atlas,economic_distress_all_pct,acute all-area deterioration,kothikhana_share_pct,kothikhana share,Spearman,15,0.771429,0.000757,0.040871
2011_exposure_outcome_atlas,economic_distress_all_pct,acute all-area deterioration,cellphone_share_pct,cellphone share,Spearman,15,-0.695264,0.004007,0.054100
2011_exposure_outcome_atlas,economic_distress_all_pct,acute all-area deterioration,other_share_pct,other share,Spearman,15,-0.304517,0.269791,0.455272
2011_exposure_outcome_atlas,poverty_headcount_urban_pct,urban poverty,fsw_density_per_1000_adult_men,mapped density,Spearman,15,0.280608,0.311037,0.508969
2011_exposure_outcome_atlas,poverty_headcount_urban_pct,urban poverty,fsw_total,mapped total,Spearman,15,-0.632143,0.011458,0.069237
2011_exposure_outcome_atlas,poverty_headcount_urban_pct,urban poverty,adult_male_population_implied,implied adult-male population,Spearman,15,-0.657143,0.007770,0.069237
2011_exposure_outcome_atlas,poverty_headcount_urban_pct,urban poverty,brothel_share_pct,brothel share,Spearman,15,0.118150,0.674947,0.792330
2011_exposure_outcome_atlas,poverty_headcount_urban_pct,urban poverty,street_share_pct,street share,Spearman,15,-0.382143,0.159824,0.359603
2011_exposure_outcome_atlas,poverty_headcount_urban_pct,urban poverty,home_share_pct,home share,Spearman,15,0.228571,0.412566,0.636531
2011_exposure_outcome_atlas,poverty_headcount_urban_pct,urban poverty,kothikhana_share_pct,kothikhana share,Spearman,15,-0.360714,0.186554,0.373109
2011_exposure_outcome_atlas,poverty_headcount_urban_pct,urban poverty,cellphone_share_pct,cellphone share,Spearman,15,0.459339,0.084983,0.241531
2011_exposure_outcome_atlas,poverty_headcount_urban_pct,urban poverty,other_share_pct,other share,Spearman,15,-0.369384,0.175412,0.373109
2011_exposure_outcome_atlas,female_illiteracy_urban_pct,female illiteracy,fsw_density_per_1000_adult_men,mapped density,Spearman,15,0.316025,0.251179,0.449488
2011_exposure_outcome_atlas,female_illiteracy_urban_pct,female illiteracy,fsw_total,mapped total,Spearman,15,-0.576030,0.024618,0.110783
2011_exposure_outcome_atlas,female_illiteracy_urban_pct,female illiteracy,adult_male_population_implied,implied adult-male population,Spearman,15,-0.620752,0.013533,0.069237
2011_exposure_outcome_atlas,female_illiteracy_urban_pct,female illiteracy,brothel_share_pct,brothel share,Spearman,15,0.083435,0.767518,0.863457
2011_exposure_outcome_atlas,female_illiteracy_urban_pct,female illiteracy,street_share_pct,street share,Spearman,15,-0.153846,0.584084,0.750965
2011_exposure_outcome_atlas,female_illiteracy_urban_pct,female illiteracy,home_share_pct,home share,Spearman,15,-0.046512,0.869260,0.920393
2011_exposure_outcome_atlas,female_illiteracy_urban_pct,female illiteracy,kothikhana_share_pct,kothikhana share,Spearman,15,-0.169947,0.544827,0.750965
2011_exposure_outcome_atlas,female_illiteracy_urban_pct,female illiteracy,cellphone_share_pct,cellphone share,Spearman,15,0.352731,0.197212,0.380338
2011_exposure_outcome_atlas,female_illiteracy_urban_pct,female illiteracy,other_share_pct,other share,Spearman,15,-0.411563,0.127464,0.324031
2011_exposure_outcome_atlas,sanitation_deprivation_urban_pct,sanitation deprivation,fsw_density_per_1000_adult_men,mapped density,Spearman,15,-0.061087,0.828782,0.895085
2011_exposure_outcome_atlas,sanitation_deprivation_urban_pct,sanitation deprivation,fsw_total,mapped total,Spearman,15,-0.519230,0.047312,0.167400
2011_exposure_outcome_atlas,sanitation_deprivation_urban_pct,sanitation deprivation,adult_male_population_implied,implied adult-male population,Spearman,15,-0.400809,0.138722,0.325695
2011_exposure_outcome_atlas,sanitation_deprivation_urban_pct,sanitation deprivation,brothel_share_pct,brothel share,Spearman,15,0.364587,0.181521,0.373109
2011_exposure_outcome_atlas,sanitation_deprivation_urban_pct,sanitation deprivation,street_share_pct,street share,Spearman,15,0.069231,0.806332,0.888611
2011_exposure_outcome_atlas,sanitation_deprivation_urban_pct,sanitation deprivation,home_share_pct,home share,Spearman,15,-0.132996,0.636561,0.763873
2011_exposure_outcome_atlas,sanitation_deprivation_urban_pct,sanitation deprivation,kothikhana_share_pct,kothikhana share,Spearman,15,-0.639473,0.010259,0.069237
2011_exposure_outcome_atlas,sanitation_deprivation_urban_pct,sanitation deprivation,cellphone_share_pct,cellphone share,Spearman,15,0.494165,0.061156,0.194259
2011_exposure_outcome_atlas,sanitation_deprivation_urban_pct,sanitation deprivation,other_share_pct,other share,Spearman,15,0.009192,0.974064,0.992443
2011_exposure_outcome_atlas,chronic_deprivation_index,chronic deprivation index,fsw_density_per_1000_adult_men,mapped density,Spearman,15,0.314567,0.253493,0.449488
2011_exposure_outcome_atlas,chronic_deprivation_index,chronic deprivation index,fsw_total,mapped total,Spearman,15,-0.700000,0.003666,0.054100
2011_exposure_outcome_atlas,chronic_deprivation_index,chronic deprivation index,adult_male_population_implied,implied adult-male population,Spearman,15,-0.717857,0.002581,0.054100
2011_exposure_outcome_atlas,chronic_deprivation_index,chronic deprivation index,brothel_share_pct,brothel share,Spearman,15,0.182067,0.516060,0.733349
2011_exposure_outcome_atlas,chronic_deprivation_index,chronic deprivation index,street_share_pct,street share,Spearman,15,-0.185714,0.507541,0.733349
2011_exposure_outcome_atlas,chronic_deprivation_index,chronic deprivation index,home_share_pct,home share,Spearman,15,0.025000,0.929529,0.965280
2011_exposure_outcome_atlas,chronic_deprivation_index,chronic deprivation index,kothikhana_share_pct,kothikhana share,Spearman,15,-0.410714,0.128329,0.324031
2011_exposure_outcome_atlas,chronic_deprivation_index,chronic deprivation index,cellphone_share_pct,cellphone share,Spearman,15,0.459339,0.084983,0.241531
2011_exposure_outcome_atlas,chronic_deprivation_index,chronic deprivation index,other_share_pct,other share,Spearman,15,-0.311724,0.258040,0.449488
