claim_id,status,domain,finding,estimate,ci_95_low,ci_95_high,p_value,adjusted_p,n,evidence_file
F01,confirmatory result,2011 density,Recent urban deterioration has a weak inverse association with mapped FSW density.,-0.137623,-0.597126,0.371846,0.619524,,15.000000,results/tables/table_primary_result.csv
F02,exploratory association,market size,Recent deterioration is positively associated with absolute mapped FSW total.,0.657143,,,0.007770,0.069237,15.000000,results/tables/exploratory_2011_association_atlas.csv
F03,exploratory association,chronic deprivation,Chronic deprivation is inversely associated with absolute mapped total and weakly positively associated with density.,-0.700000,,,0.003666,0.054100,15.000000,results/tables/exploratory_2011_association_atlas.csv
F04,exploratory association,organisation,Recent urban deterioration is positively associated with kothikhana share.,0.617857,,,0.014104,0.069237,15.000000,results/tables/exploratory_2011_association_atlas.csv
F05,multiplicity-adjusted exploratory,organisation,All-area deterioration is positively associated with kothikhana share and survives atlas-wide FDR adjustment.,0.771429,,,0.000757,0.040871,15.000000,results/tables/exploratory_2011_association_atlas.csv
F06,exploratory association,organisation,Recent deterioration is inversely associated with cellphone share.,-0.514746,,,0.049600,0.167400,15.000000,results/tables/exploratory_2011_association_atlas.csv
F07,exploratory network association,network organisation,Recent deterioration is positively associated with kothikhana FSWs per operator.,0.551673,,,0.033009,0.339995,15.000000,results/tables/exploratory_2011_network_associations.csv
F08,exploratory period contrast,deterioration,The ten common-city mapped total expanded 66.25% from 2006-07 to 2011.,66.250903,,,0.109375,,10.000000,results/tables/exploratory_macro_improvement_contrasts.csv
F09,exploratory period contrast,recovery,"The four common-city mapped total rose 16.77% from 2011 to 2014, but its annualized growth was substantially slower than during deterioration.",16.769792,,,0.125000,,4.000000,results/tables/stock_persistence_signal.csv
F10,exploratory period contrast,recovery,The mapped total broadly plateaued through 2016-17 while remaining above its 2011 level.,3.359798,,,0.753906,,10.000000,results/tables/stock_persistence_signal.csv
F11,falsification result,city change,Local distress changes do not show a stable directional relationship with mapped-count changes.,,,,,,,results/tables/exploratory_paired_count_tests.csv
F12,falsification result,nonlinearity,"Linear, quadratic and cubic density models all have worse LOOCV error than a constant-only model.",3.524506,,,,,15.000000,results/tables/exploratory_nonlinear_loocv.csv
F13,overall synthesis,economic signal,The complete available series shows expansion during deterioration followed by strong growth deceleration and persistence during recovery (protocol category C).,,,,,,,results/analysis_summary.md
F14,exploratory round-level association,work setting,"Inflation is perfectly rank-aligned with the home-minus-street balance across the three rounds with typology data, while GDP growth has a weaker inverse alignment.",1.000000,,,0.333333,1.000000,3.000000,results/tables/macro_marker_correlations.csv
F15,falsification result,organisation,Kothikhana share is not a consistent standalone temporal marker of weak national economic conditions; it rose during both deterioration and recovery.,-0.500000,,,1.000000,1.000000,3.000000,results/tables/macro_marker_assumption_tests.csv
F16,data-availability result,longitudinal measurement,"Density and cellphone share cannot be tested as multi-round macro markers because comparable values are available in only one and two rounds, respectively.",,,,,,,results/tables/macro_marker_assumption_tests.csv
F17,exploratory continuous-panel signal,stock persistence,"In six cities observed continuously through 2016-17, annualized mapped-population growth slowed from 14.39% during deterioration to 0.87% during recovery.",13.515672,,,,,6.000000,results/tables/stock_persistence_signal.csv
F18,mechanism interpretation,entry and exit,"The plateau is consistent with fewer net newcomers combined with difficulty leaving the profession, although the surveys do not separately count entries and exits.",,,,,,,results/tables/stock_persistence_signal.csv
