comparison,macro_direction,city_id,city,fsw_total_start,fsw_total_end,fsw_total_change,fsw_total_pct_change,log_fsw_total_ratio,economic_distress_urban_start_pct,economic_distress_urban_end_pct,delta_economic_distress_urban_pct
2006_07_to_2011,deterioration benchmark,faisalabad,Faisalabad,6500.000000,4846.000000,-1654.000000,-25.446154,-0.293649,14.160000,47.200000,33.040000
2006_07_to_2011,deterioration benchmark,hyderabad,Hyderabad,2300.000000,4566.000000,2266.000000,98.521739,0.685728,19.450000,26.820000,7.370000
2006_07_to_2011,deterioration benchmark,karachi,Karachi,13150.000000,25399.000000,12249.000000,93.148289,0.658288,25.210000,50.790000,25.580000
2006_07_to_2011,deterioration benchmark,lahore,Lahore,14525.000000,23766.000000,9241.000000,63.621343,0.492385,17.490000,37.470000,19.980000
2006_07_to_2011,deterioration benchmark,larkana,Larkana,375.000000,1114.000000,739.000000,197.066667,1.088786,25.910000,23.130000,-2.780000
2006_07_to_2011,deterioration benchmark,multan,Multan,2725.000000,5308.000000,2583.000000,94.788991,0.666747,18.580000,39.770000,21.190000
2006_07_to_2011,deterioration benchmark,peshawar,Peshawar,1200.000000,3317.000000,2117.000000,176.416667,1.016739,12.230000,34.550000,22.320000
2006_07_to_2011,deterioration benchmark,quetta,Quetta,2500.000000,3710.000000,1210.000000,48.400000,0.394741,12.780000,57.440000,44.660000
2006_07_to_2011,deterioration benchmark,sargodha,Sargodha,1237.000000,3898.000000,2661.000000,215.117219,1.147775,28.340000,48.830000,20.490000
2006_07_to_2011,deterioration benchmark,sukkur,Sukkur,2550.000000,2317.000000,-233.000000,-9.137255,-0.095820,15.630000,19.330000,3.700000
2011_to_2014,improving national conditions,faisalabad,Faisalabad,4846.000000,7556.000000,2710.000000,55.922410,0.444188,47.200000,41.650000,-5.550000
2011_to_2014,improving national conditions,lahore,Lahore,23766.000000,25716.000000,1950.000000,8.204999,0.078857,37.470000,43.400000,5.930000
2011_to_2014,improving national conditions,multan,Multan,5308.000000,6561.000000,1253.000000,23.605878,0.211928,39.770000,40.030000,0.260000
2011_to_2014,improving national conditions,sargodha,Sargodha,3898.000000,4327.000000,429.000000,11.005644,0.104411,48.830000,41.150000,-7.680000
2011_to_2016_17,sustained improved national conditions,dg_khan,DG Khan,1413.000000,1349.000000,-64.000000,-4.529370,-0.046352,28.780000,,
2011_to_2016_17,sustained improved national conditions,hyderabad,Hyderabad,4566.000000,4426.000000,-140.000000,-3.066141,-0.031141,26.820000,20.310000,-6.510000
2011_to_2016_17,sustained improved national conditions,karachi,Karachi,25399.000000,25191.000000,-208.000000,-0.818930,-0.008223,50.790000,36.670000,-14.120000
2011_to_2016_17,sustained improved national conditions,larkana,Larkana,1114.000000,4593.000000,3479.000000,312.298025,1.416576,23.130000,32.760000,9.630000
2011_to_2016_17,sustained improved national conditions,mirpurkhas,Mirpurkhas,884.000000,2084.000000,1200.000000,135.746606,0.857587,18.150000,31.080000,12.930000
2011_to_2016_17,sustained improved national conditions,nawabshah,Nawabshah,2011.000000,1690.000000,-321.000000,-15.962208,-0.173904,27.580000,25.700000,-1.880000
2011_to_2016_17,sustained improved national conditions,peshawar,Peshawar,3317.000000,765.000000,-2552.000000,-76.936991,-1.466940,34.550000,35.990000,1.440000
2011_to_2016_17,sustained improved national conditions,quetta,Quetta,3710.000000,4121.000000,411.000000,11.078167,0.105064,57.440000,38.120000,-19.320000
2011_to_2016_17,sustained improved national conditions,rawalpindi,Rawalpindi,3635.000000,2465.000000,-1170.000000,-32.187070,-0.388417,44.530000,48.140000,3.610000
2011_to_2016_17,sustained improved national conditions,sukkur,Sukkur,2317.000000,3307.000000,990.000000,42.727665,0.355768,19.330000,28.910000,9.580000
