term,coefficient,robust_se_hc3,p_value,ci_95_low,ci_95_high,model,outcome,n,r_squared,coefficient_scale
const,-0.000000,0.292417,1.000000,-0.637122,0.637122,mapped_density,fsw_density_per_1000_adult_men,15,0.083527,standardized
acute_distress_z,-0.064737,0.262471,0.809353,-0.636611,0.507137,mapped_density,fsw_density_per_1000_adult_men,15,0.083527,standardized
chronic_deprivation_z,0.249748,0.390702,0.534686,-0.601518,1.101014,mapped_density,fsw_density_per_1000_adult_men,15,0.083527,standardized
const,0.000000,0.230289,1.000000,-0.501756,0.501756,log_mapped_total,log_fsw_total,15,0.445592,standardized
acute_distress_z,0.387628,0.294961,0.213356,-0.255036,1.030292,log_mapped_total,log_fsw_total,15,0.445592,standardized
chronic_deprivation_z,-0.376908,0.275269,0.196008,-0.976668,0.222852,log_mapped_total,log_fsw_total,15,0.445592,standardized
const,0.000000,0.227477,1.000000,-0.495629,0.495629,log_implied_population_scale,log_adult_male_population_implied,15,0.456804,standardized
acute_distress_z,0.373647,0.321465,0.267699,-0.326766,1.074060,log_implied_population_scale,log_adult_male_population_implied,15,0.456804,standardized
chronic_deprivation_z,-0.400329,0.254321,0.141444,-0.954446,0.153788,log_implied_population_scale,log_adult_male_population_implied,15,0.456804,standardized
const,-0.000000,0.296939,1.000000,-0.646974,0.646974,street_share,street_share_pct,15,0.112487,standardized
acute_distress_z,0.313440,0.346922,0.384045,-0.442438,1.069319,street_share,street_share_pct,15,0.112487,standardized
chronic_deprivation_z,-0.038746,0.388753,0.922254,-0.885765,0.808273,street_share,street_share_pct,15,0.112487,standardized
const,-0.000000,0.288233,1.000000,-0.628005,0.628005,home_share,home_share_pct,15,0.068000,standardized
acute_distress_z,-0.277373,0.293947,0.363976,-0.917828,0.363081,home_share,home_share_pct,15,0.068000,standardized
chronic_deprivation_z,-0.034891,0.302162,0.909980,-0.693245,0.623462,home_share,home_share_pct,15,0.068000,standardized
const,-0.000000,0.259247,1.000000,-0.564851,0.564851,kothikhana_share,kothikhana_share_pct,15,0.378658,standardized
acute_distress_z,0.431911,0.452645,0.358812,-0.554316,1.418139,kothikhana_share,kothikhana_share_pct,15,0.378658,standardized
chronic_deprivation_z,-0.266835,0.368989,0.483445,-1.070792,0.537123,kothikhana_share,kothikhana_share_pct,15,0.378658,standardized
const,-0.000000,0.245861,1.000000,-0.535686,0.535686,cellphone_share,cellphone_share_pct,15,0.400270,standardized
acute_distress_z,-0.151927,0.382628,0.698292,-0.985601,0.681747,cellphone_share,cellphone_share_pct,15,0.400270,standardized
chronic_deprivation_z,0.539610,0.340880,0.139408,-0.203103,1.282323,cellphone_share,cellphone_share_pct,15,0.400270,standardized
