comparison,city_id,city,economic_distress_urban_pct_start,economic_distress_urban_pct_end,delta_economic_distress_urban_pct,female_illiteracy_urban_pct_start,female_illiteracy_urban_pct_end,delta_female_illiteracy_urban_pct,sanitation_deprivation_urban_pct_start,sanitation_deprivation_urban_pct_end,delta_sanitation_deprivation_urban_pct,home_share_pct_start,home_share_pct_end,delta_home_share_pct,street_share_pct_start,street_share_pct_end,delta_street_share_pct,kothikhana_share_pct_start,kothikhana_share_pct_end,delta_kothikhana_share_pct,cellphone_share_pct_start,cellphone_share_pct_end,delta_cellphone_share_pct
2006_07_to_2011,faisalabad,Faisalabad,14.160000,47.200000,33.040000,31.000000,26.000000,-5.000000,2.260000,2.000000,-0.260000,41.538500,59.574900,18.036400,49.230800,18.200600,-31.030200,9.230770,18.118000,8.887230,,1.217500,
2006_07_to_2011,hyderabad,Hyderabad,19.450000,26.820000,7.370000,42.000000,30.000000,-12.000000,8.260000,3.000000,-5.260000,19.565200,37.385000,17.819800,76.087000,19.426200,-56.660800,0.000000,21.419200,21.419200,,13.162500,
2006_07_to_2011,karachi,Karachi,25.210000,50.790000,25.580000,26.000000,24.000000,-2.000000,3.460000,1.000000,-2.460000,19.771900,42.974100,23.202200,59.695800,24.796300,-34.899500,15.209100,28.103500,12.894400,,3.004060,
2006_07_to_2011,lahore,Lahore,17.490000,37.470000,19.980000,27.000000,24.000000,-3.000000,6.030000,2.000000,-4.030000,15.146300,53.366200,38.219900,42.340800,19.342800,-22.998000,39.242700,22.313400,-16.929300,,2.436250,
2006_07_to_2011,larkana,Larkana,25.910000,23.130000,-2.780000,61.000000,50.000000,-11.000000,4.330000,9.000000,4.670000,40.000000,62.926400,22.926400,26.666700,1.346500,-25.320200,0.000000,3.680430,3.680430,,20.825900,
2006_07_to_2011,multan,Multan,18.580000,39.770000,21.190000,34.000000,32.000000,-2.000000,6.520000,3.000000,-3.520000,23.853200,51.883900,28.030700,29.357800,8.440090,-20.917710,44.036700,27.298400,-16.738300,,3.221550,
2006_07_to_2011,peshawar,Peshawar,12.230000,34.550000,22.320000,55.000000,53.000000,-2.000000,15.320000,7.000000,-8.320000,12.500000,31.112500,18.612500,37.500000,15.948100,-21.551900,16.666700,21.766700,5.100000,,30.539600,
2006_07_to_2011,quetta,Quetta,12.780000,57.440000,44.660000,49.000000,57.000000,8.000000,6.110000,2.000000,-4.110000,40.000000,42.749300,2.749300,58.000000,20.323500,-37.676500,2.000000,36.927200,34.927200,,0.000000,
2006_07_to_2011,sargodha,Sargodha,28.340000,48.830000,20.490000,36.000000,30.000000,-6.000000,4.650000,3.000000,-1.650000,51.010500,26.218600,-24.791900,40.905400,41.585400,0.680000,6.063060,25.397600,19.334540,,2.103640,
2006_07_to_2011,sukkur,Sukkur,15.630000,19.330000,3.700000,38.000000,46.000000,8.000000,5.500000,7.000000,1.500000,60.784300,57.229200,-3.555100,19.607800,15.105700,-4.502100,19.607800,11.221400,-8.386400,,13.293100,
2011_to_2014,faisalabad,Faisalabad,47.200000,41.650000,-5.550000,26.000000,26.000000,0.000000,2.000000,1.000000,-1.000000,59.574900,18.065100,-41.509800,18.200600,41.649000,23.448400,18.118000,15.510900,-2.607100,1.217500,4.658550,3.441050
2011_to_2014,lahore,Lahore,37.470000,43.400000,5.930000,24.000000,21.000000,-3.000000,2.000000,0.000000,-2.000000,53.366200,7.563380,-45.802820,19.342800,43.999800,24.657000,22.313400,28.464800,6.151400,2.436250,10.724800,8.288550
2011_to_2014,multan,Multan,39.770000,40.030000,0.260000,32.000000,28.000000,-4.000000,3.000000,2.000000,-1.000000,51.883900,41.198000,-10.685900,8.440090,19.219600,10.779510,27.298400,36.854100,9.555700,3.221550,1.920440,-1.301110
2011_to_2014,sargodha,Sargodha,48.830000,41.150000,-7.680000,30.000000,29.000000,-1.000000,3.000000,2.000000,-1.000000,26.218600,17.125000,-9.093600,41.585400,17.933900,-23.651500,25.397600,62.352700,36.955100,2.103640,0.600878,-1.502762
