city_id,city,distress_rank_2006,distress_rank_2011,delta_distress_percentile,home_share_pct_2006,home_share_pct_2011,delta_home_share_pct,street_share_pct_2006,street_share_pct_2011,delta_street_share_pct
faisalabad,Faisalabad,0.300000,0.700000,0.400000,41.538500,59.574900,18.036400,49.230800,18.200600,-31.030200
hyderabad,Hyderabad,0.700000,0.300000,-0.400000,19.565200,37.385000,17.819800,76.087000,19.426200,-56.660800
karachi,Karachi,0.800000,0.900000,0.100000,19.771900,42.974100,23.202200,59.695800,24.796300,-34.899500
lahore,Lahore,0.500000,0.500000,0.000000,15.146300,53.366200,38.219900,42.340800,19.342800,-22.998000
larkana,Larkana,0.900000,0.200000,-0.700000,40.000000,62.926400,22.926400,26.666700,1.346500,-25.320200
multan,Multan,0.600000,0.600000,0.000000,23.853200,51.883900,28.030700,29.357800,8.440090,-20.917710
peshawar,Peshawar,0.100000,0.400000,0.300000,12.500000,31.112500,18.612500,37.500000,15.948100,-21.551900
quetta,Quetta,0.200000,1.000000,0.800000,40.000000,42.749300,2.749300,58.000000,20.323500,-37.676500
sargodha,Sargodha,1.000000,0.800000,-0.200000,51.010500,26.218600,-24.791900,40.905400,41.585400,0.680000
sukkur,Sukkur,0.400000,0.100000,-0.300000,60.784300,57.229200,-3.555100,19.607800,15.105700,-4.502100
