round_id,city_id,city,province,analysis_status,fsw_total,fsw_density_per_1000_adult_men,adult_male_population_implied,brothel_count,street_count,home_count,kothikhana_count,cellphone_count,other_count,brothel_share_pct,street_share_pct,home_share_pct,kothikhana_share_pct,cellphone_share_pct,other_share_pct,typology_count_sum,typology_sum_difference,economic_distress_urban_pct,economic_distress_all_pct,poverty_headcount_urban_pct,poverty_headcount_all_pct,female_illiteracy_urban_pct,female_illiteracy_all_pct,sanitation_deprivation_urban_pct,sanitation_deprivation_all_pct,economic_geography,geographic_match_quality,geographic_match_note,economic_period,sexwork_source_id,economic_source_id,poverty_source_id,sexwork_locator,economic_locator,literacy_locator,sanitation_locator,poverty_locator,extraction_method
2006_07,bannu,Bannu,Khyber Pakhtunkhwa,replication,250,,,0,75,75,75,,25,0,30,30,30,,10,250,0,12.16,21.7,,,43,77,4.59,60.4,Bannu,district_proxy,District urban stratum used as city proxy,2006-07,fsw_r2_2006_07,pslm_2006_07,,"PDF page 30, Table 3.1a","Table 5.1, PDF pages 371-375","Table 2.14(a), PDF pages 128-132","Table 4.8, PDF pages 367-371",,manual transcription; automated reconciliation
2006_07,faisalabad,Faisalabad,Punjab,replication,6500,,,0,3200,2700,600,,0,0,49.2308,41.5385,9.23077,,0,6500,0,14.16,15.67,,,31,45,2.26,19.27,Faisalabad,close,City has a separately identified large-city stratum or close district-city correspondence,2006-07,fsw_r2_2006_07,pslm_2006_07,,"PDF page 30, Table 3.1a","Table 5.1, PDF pages 371-375","Table 2.14(a), PDF pages 128-132","Table 4.8, PDF pages 367-371",,manual transcription; automated reconciliation
2006_07,gujranwala,Gujranwala,Punjab,replication,1725,,,0,667,554,500,,4,0,38.6667,32.1159,28.9855,,0.231884,1725,0,12.96,15.98,,,31,36,4.22,12.07,Gujranwala,close,City has a separately identified large-city stratum or close district-city correspondence,2006-07,fsw_r2_2006_07,pslm_2006_07,,"PDF page 30, Table 3.1a","Table 5.1, PDF pages 371-375","Table 2.14(a), PDF pages 128-132","Table 4.8, PDF pages 367-371",,manual transcription; automated reconciliation
2006_07,hyderabad,Hyderabad,Sindh,replication,2300,,,100,1750,450,0,,0,4.34783,76.087,19.5652,0,,0,2300,0,19.45,19,,,42,57,8.26,36.55,Hyderabad,close,City has a separately identified large-city stratum or close district-city correspondence,2006-07,fsw_r2_2006_07,pslm_2006_07,,"PDF page 30, Table 3.1a","Table 5.1, PDF pages 371-375","Table 2.14(a), PDF pages 128-132","Table 4.8, PDF pages 367-371",,manual transcription; automated reconciliation
2006_07,karachi,Karachi,Sindh,replication,13150,,,200,7850,2600,2000,,500,1.52091,59.6958,19.7719,15.2091,,3.80228,13150,0,25.21,25.84,,,26,28,3.46,6.52,Karachi,composite,Metropolitan surveillance geography versus changing multi-district administration,2006-07,fsw_r2_2006_07,pslm_2006_07,,"PDF page 30, Table 3.1a","Table 5.1, PDF pages 371-375","Table 2.14(a), PDF pages 128-132","Table 4.8, PDF pages 367-371",,manual transcription; automated reconciliation
2006_07,lahore,Lahore,Punjab,replication,14525,,,450,6150,2200,5700,,25,3.09811,42.3408,15.1463,39.2427,,0.172117,14525,0,17.49,18.1,,,27,30,6.03,7.2,Lahore,close,City has a separately identified large-city stratum or close district-city correspondence,2006-07,fsw_r2_2006_07,pslm_2006_07,,"PDF page 30, Table 3.1a","Table 5.1, PDF pages 371-375","Table 2.14(a), PDF pages 128-132","Table 4.8, PDF pages 367-371",,manual transcription; automated reconciliation
2006_07,larkana,Larkana,Sindh,replication,375,,,125,100,150,0,,0,33.3333,26.6667,40,0,,0,375,0,25.91,31.38,,,61,74,4.33,39.48,Larkana,district_proxy,District urban stratum used as city proxy,2006-07,fsw_r2_2006_07,pslm_2006_07,,"PDF page 30, Table 3.1a","Table 5.1, PDF pages 371-375","Table 2.14(a), PDF pages 128-132","Table 4.8, PDF pages 367-371",,manual transcription; automated reconciliation
2006_07,multan,Multan,Punjab,replication,2725,,,75,800,650,1200,,0,2.75229,29.3578,23.8532,44.0367,,0,2725,0,18.58,16.17,,,34,57,6.52,39.47,Multan,close,City has a separately identified large-city stratum or close district-city correspondence,2006-07,fsw_r2_2006_07,pslm_2006_07,,"PDF page 30, Table 3.1a","Table 5.1, PDF pages 371-375","Table 2.14(a), PDF pages 128-132","Table 4.8, PDF pages 367-371",,manual transcription; automated reconciliation
2006_07,peshawar,Peshawar,Khyber Pakhtunkhwa,replication,1200,,,0,450,150,200,,400,0,37.5,12.5,16.6667,,33.3333,1200,0,12.23,15.99,,,55,73,15.32,31.9,Peshawar,close,City has a separately identified large-city stratum or close district-city correspondence,2006-07,fsw_r2_2006_07,pslm_2006_07,,"PDF page 30, Table 3.1a","Table 5.1, PDF pages 371-375","Table 2.14(a), PDF pages 128-132","Table 4.8, PDF pages 367-371",,manual transcription; automated reconciliation
2006_07,quetta,Quetta,Balochistan,replication,2500,,,0,1450,1000,50,,0,0,58,40,2,,0,2500,0,12.78,11.35,,,49,56,6.11,18.18,Quetta,close,City has a separately identified large-city stratum or close district-city correspondence,2006-07,fsw_r2_2006_07,pslm_2006_07,,"PDF page 30, Table 3.1a","Table 5.1, PDF pages 371-375","Table 2.14(a), PDF pages 128-132","Table 4.8, PDF pages 367-371",,manual transcription; automated reconciliation
2006_07,sargodha,Sargodha,Punjab,replication,1237,,,0,506,631,75,,25,0,40.9054,51.0105,6.06306,,2.02102,1237,0,28.34,28.86,,,36,54,4.65,26.39,Sargodha,close,City has a separately identified large-city stratum or close district-city correspondence,2006-07,fsw_r2_2006_07,pslm_2006_07,,"PDF page 30, Table 3.1a","Table 5.1, PDF pages 371-375","Table 2.14(a), PDF pages 128-132","Table 4.8, PDF pages 367-371",,manual transcription; automated reconciliation
2006_07,sukkur,Sukkur,Sindh,replication,2550,,,0,500,1550,500,,0,0,19.6078,60.7843,19.6078,,0,2550,0,15.63,10.5,,,38,60,5.5,42.59,Sukkur,close,City has a separately identified large-city stratum or close district-city correspondence,2006-07,fsw_r2_2006_07,pslm_2006_07,,"PDF page 30, Table 3.1a","Table 5.1, PDF pages 371-375","Table 2.14(a), PDF pages 128-132","Table 4.8, PDF pages 367-371",,manual transcription; automated reconciliation
2011,dg_khan,DG Khan,Punjab,primary,1413,13.3,106241,0,53,939,387,34,0,0,3.75088,66.4544,27.3885,2.40623,0,1413,0,28.78,40.95,39.74,63.96,38,71,1,62,D.G.Khan,district_proxy,District urban stratum used as city proxy,2010-11,fsw_2011_xml,pslm_2010_11,spdc_rr85,Table 1,"Table 5.1, PDF pages 403-411","Table 2.14(a), PDF pages 131-135","Table 4.8, PDF pages 399-403","Tables A.3-A.6, PDF pages 16-19",XML table extraction
2011,faisalabad,Faisalabad,Punjab,primary,4846,5,969200,0,882,2887,878,59,140,0,18.2006,59.5749,18.118,1.2175,2.88898,4846,0,47.2,45.52,26.95,27.41,26,40,2,14,Faisalabad,close,City has a separately identified large-city stratum or close district-city correspondence,2010-11,fsw_2011_xml,pslm_2010_11,spdc_rr85,Table 1,"Table 5.1, PDF pages 403-411","Table 2.14(a), PDF pages 131-135","Table 4.8, PDF pages 399-403","Tables A.3-A.6, PDF pages 16-19",XML table extraction
2011,haripur,Haripur,Khyber Pakhtunkhwa,primary,2994,11.9,251597,0,346,611,230,521,1286,0,11.5564,20.4075,7.68203,17.4015,42.9526,2994,0,42.59,29.49,25.31,20.28,28,43,2,20,Haripur,district_proxy,District urban stratum used as city proxy,2010-11,fsw_2011_xml,pslm_2010_11,spdc_rr85,Table 1,"Table 5.1, PDF pages 403-411","Table 2.14(a), PDF pages 131-135","Table 4.8, PDF pages 399-403","Tables A.3-A.6, PDF pages 16-19",XML table extraction
2011,hyderabad,Hyderabad,Sindh,primary,4566,8.5,537176,220,887,1707,978,601,173,4.81822,19.4262,37.385,21.4192,13.1625,3.78887,4566,0,26.82,27.23,23.92,27.5,30,38,3,16,Hyderabad,close,City has a separately identified large-city stratum or close district-city correspondence,2010-11,fsw_2011_xml,pslm_2010_11,spdc_rr85,Table 1,"Table 5.1, PDF pages 403-411","Table 2.14(a), PDF pages 131-135","Table 4.8, PDF pages 399-403","Tables A.3-A.6, PDF pages 16-19",XML table extraction
2011,karachi,Karachi,Sindh,primary,25399,5.5,4.618e+06,175,6298,10915,7138,763,110,0.689004,24.7963,42.9741,28.1035,3.00406,0.433088,25399,0,50.79,51.09,20.22,21.09,24,25,1,3,Karachi,composite,Metropolitan surveillance geography versus changing multi-district administration,2010-11,fsw_2011_xml,pslm_2010_11,spdc_rr85,Table 1,"Table 5.1, PDF pages 403-411","Table 2.14(a), PDF pages 131-135","Table 4.8, PDF pages 399-403","Tables A.3-A.6, PDF pages 16-19",XML table extraction
2011,lahore,Lahore,Punjab,primary,23766,11.5,2.06661e+06,350,4597,12683,5303,579,254,1.47269,19.3428,53.3662,22.3134,2.43625,1.06875,23766,0,37.47,38.3,24.9,26.98,24,27,2,3,Lahore,close,City has a separately identified large-city stratum or close district-city correspondence,2010-11,fsw_2011_xml,pslm_2010_11,spdc_rr85,Table 1,"Table 5.1, PDF pages 403-411","Table 2.14(a), PDF pages 131-135","Table 4.8, PDF pages 399-403","Tables A.3-A.6, PDF pages 16-19",XML table extraction
2011,larkana,Larkana,Sindh,primary,1114,8.2,135854,125,15,701,41,232,0,11.2208,1.3465,62.9264,3.68043,20.8259,0,1114,0,23.13,25.25,60.82,56.34,50,65,9,28,Larkana,district_proxy,District urban stratum used as city proxy,2010-11,fsw_2011_xml,pslm_2010_11,spdc_rr85,Table 1,"Table 5.1, PDF pages 403-411","Table 2.14(a), PDF pages 131-135","Table 4.8, PDF pages 399-403","Tables A.3-A.6, PDF pages 16-19",XML table extraction
2011,mirpurkhas,Mirpurkhas,Sindh,primary,884,8.5,104000,0,222,356,183,20,103,0,25.1131,40.2715,20.7014,2.26244,11.6516,884,0,18.15,28.73,33.34,36.65,34,61,6,46,Mir Pur Khas,district_proxy,District urban stratum used as city proxy,2010-11,fsw_2011_xml,pslm_2010_11,spdc_rr85,Table 1,"Table 5.1, PDF pages 403-411","Table 2.14(a), PDF pages 131-135","Table 4.8, PDF pages 399-403","Tables A.3-A.6, PDF pages 16-19",XML table extraction
2011,multan,Multan,Punjab,primary,5308,8,663500,148,448,2754,1449,171,338,2.78824,8.44009,51.8839,27.2984,3.22155,6.36775,5308,0,39.77,41.97,34.14,44.02,32,52,3,26,Multan,close,City has a separately identified large-city stratum or close district-city correspondence,2010-11,fsw_2011_xml,pslm_2010_11,spdc_rr85,Table 1,"Table 5.1, PDF pages 403-411","Table 2.14(a), PDF pages 131-135","Table 4.8, PDF pages 399-403","Tables A.3-A.6, PDF pages 16-19",XML table extraction
2011,nawabshah,Nawabshah,Sindh,primary,2011,14.2,141620,170,525,839,146,331,0,8.45351,26.1064,41.7205,7.26007,16.4595,0,2011,0,27.58,36.72,52.79,38.35,56,75,15,57,Nawabshah,district_proxy,District urban stratum used as city proxy; later PSLM name is Shaheed Benazirabad,2010-11,fsw_2011_xml,pslm_2010_11,spdc_rr85,Table 1,"Table 5.1, PDF pages 403-411","Table 2.14(a), PDF pages 131-135","Table 4.8, PDF pages 399-403","Tables A.3-A.6, PDF pages 16-19",XML table extraction
2011,peshawar,Peshawar,Khyber Pakhtunkhwa,primary,3317,4.2,789762,0,529,1032,722,1013,21,0,15.9481,31.1125,21.7667,30.5396,0.633102,3317,0,34.55,30.28,45.03,44.24,53,62,7,19,Peshawar,close,City has a separately identified large-city stratum or close district-city correspondence,2010-11,fsw_2011_xml,pslm_2010_11,spdc_rr85,Table 1,"Table 5.1, PDF pages 403-411","Table 2.14(a), PDF pages 131-135","Table 4.8, PDF pages 399-403","Tables A.3-A.6, PDF pages 16-19",XML table extraction
2011,quetta,Quetta,Balochistan,primary,3710,10.7,346729,0,754,1586,1370,0,0,0,20.3235,42.7493,36.9272,0,0,3710,0,57.44,56.26,36,31.94,57,60,2,9,Quetta,close,City has a separately identified large-city stratum or close district-city correspondence,2010-11,fsw_2011_xml,pslm_2010_11,spdc_rr85,Table 1,"Table 5.1, PDF pages 403-411","Table 2.14(a), PDF pages 131-135","Table 4.8, PDF pages 399-403","Tables A.3-A.6, PDF pages 16-19",XML table extraction
2011,rawalpindi,Rawalpindi,Punjab,primary,3635,3.4,1.06912e+06,0,748,1955,851,0,81,0,20.5777,53.7827,23.4113,0,2.22834,3635,0,44.53,46.94,16.91,16.18,22,29,3,16,Rawalpindi,close,City has a separately identified large-city stratum or close district-city correspondence,2010-11,fsw_2011_xml,pslm_2010_11,spdc_rr85,Table 1,"Table 5.1, PDF pages 403-411","Table 2.14(a), PDF pages 131-135","Table 4.8, PDF pages 399-403","Tables A.3-A.6, PDF pages 16-19",XML table extraction
2011,sargodha,Sargodha,Punjab,primary,3898,12.5,311840,80,1621,1022,990,82,103,2.05233,41.5854,26.2186,25.3976,2.10364,2.64238,3898,0,48.83,49.38,27.66,30.95,30,55,3,25,Sargodha,close,City has a separately identified large-city stratum or close district-city correspondence,2010-11,fsw_2011_xml,pslm_2010_11,spdc_rr85,Table 1,"Table 5.1, PDF pages 403-411","Table 2.14(a), PDF pages 131-135","Table 4.8, PDF pages 399-403","Tables A.3-A.6, PDF pages 16-19",XML table extraction
2011,sukkur,Sukkur,Sindh,primary,2317,10.5,220667,0,350,1326,260,308,73,0,15.1057,57.2292,11.2214,13.2931,3.15063,2317,0,19.33,22.79,53.54,49.05,46,63,7,39,Sukkur,close,City has a separately identified large-city stratum or close district-city correspondence,2010-11,fsw_2011_xml,pslm_2010_11,spdc_rr85,Table 1,"Table 5.1, PDF pages 403-411","Table 2.14(a), PDF pages 131-135","Table 4.8, PDF pages 399-403","Tables A.3-A.6, PDF pages 16-19",XML table extraction
2014,faisalabad,Faisalabad,Punjab,replication,7556,,,0,3147,1365,1172,352,1520,0,41.649,18.0651,15.5109,4.65855,20.1165,7556,0,41.65,41.74,,,26,37,1,8,Faisalabad,close,City has a separately identified large-city stratum or close district-city correspondence,2014-15,fsw_punjab_2014,pslm_2014_15,,"PDF pages 71 and 73, FSW mapping tables","Table 5.1, PDF pages 447-456","Table 2.14(a), PDF pages 126-134","Table 4.6, PDF pages 416-424",,manual transcription; automated reconciliation
2014,lahore,Lahore,Punjab,replication,25716,,,187,11315,1945,7320,2758,2191,0.727174,43.9998,7.56338,28.4648,10.7248,8.51999,25716,0,43.4,40.98,,,21,23,0,1,Lahore,close,City has a separately identified large-city stratum or close district-city correspondence,2014-15,fsw_punjab_2014,pslm_2014_15,,"PDF pages 71 and 73, FSW mapping tables","Table 5.1, PDF pages 447-456","Table 2.14(a), PDF pages 126-134","Table 4.6, PDF pages 416-424",,manual transcription; automated reconciliation
2014,multan,Multan,Punjab,replication,6561,,,53,1261,2703,2418,126,0,0.807804,19.2196,41.198,36.8541,1.92044,0,6561,0,40.03,37.43,,,28,48,2,25,Multan,close,City has a separately identified large-city stratum or close district-city correspondence,2014-15,fsw_punjab_2014,pslm_2014_15,,"PDF pages 71 and 73, FSW mapping tables","Table 5.1, PDF pages 447-456","Table 2.14(a), PDF pages 126-134","Table 4.6, PDF pages 416-424",,manual transcription; automated reconciliation
2014,sargodha,Sargodha,Punjab,replication,4327,,,60,776,741,2698,26,26,1.38664,17.9339,17.125,62.3527,0.600878,0.600878,4327,0,41.15,43.53,,,29,47,2,22,Sargodha,close,City has a separately identified large-city stratum or close district-city correspondence,2014-15,fsw_punjab_2014,pslm_2014_15,,"PDF pages 71 and 73, FSW mapping tables","Table 5.1, PDF pages 447-456","Table 2.14(a), PDF pages 126-134","Table 4.6, PDF pages 416-424",,manual transcription; automated reconciliation
2016_17,bahawalpur,Bahawalpur,Punjab,context_only,6201,,,,,,,,,,,,,,,,,51.49,52.56,,,41,64,4,30,Bahawalpur,district_proxy,District urban stratum used as city proxy,2014-15,fsw_r5_2016_17,pslm_2014_15,,"PDF pages 99-100, Table 6.1a","Table 5.1, PDF pages 447-456","Table 2.14(a), PDF pages 126-134","Table 4.6, PDF pages 416-424",,manual transcription; automated total check
2016_17,bannu,Bannu,Khyber Pakhtunkhwa,context_only,192,,,,,,,,,,,,,,,,,40.75,29.74,,,39,72,0,30,Bannu,district_proxy,District urban stratum used as city proxy,2014-15,fsw_r5_2016_17,pslm_2014_15,,"PDF pages 99-100, Table 6.1a","Table 5.1, PDF pages 447-456","Table 2.14(a), PDF pages 126-134","Table 4.6, PDF pages 416-424",,manual transcription; automated total check
2016_17,dg_khan,DG Khan,Punjab,context_only,1349,,,,,,,,,,,,,,,,,,,,,,,,,,district_proxy,District urban stratum used as city proxy,2014-15,fsw_r5_2016_17,pslm_2014_15,,"PDF pages 99-100, Table 6.1a","Table 5.1, PDF pages 447-456","Table 2.14(a), PDF pages 126-134","Table 4.6, PDF pages 416-424",,manual transcription; automated total check
2016_17,gujranwala,Gujranwala,Punjab,context_only,4069,,,,,,,,,,,,,,,,,44.78,46.5,,,24,31,0,4,Gujranwala,close,City has a separately identified large-city stratum or close district-city correspondence,2014-15,fsw_r5_2016_17,pslm_2014_15,,"PDF pages 99-100, Table 6.1a","Table 5.1, PDF pages 447-456","Table 2.14(a), PDF pages 126-134","Table 4.6, PDF pages 416-424",,manual transcription; automated total check
2016_17,gujrat,Gujrat,Punjab,context_only,317,,,,,,,,,,,,,,,,,40.78,46.08,,,21,29,1,8,Gujrat,district_proxy,District urban stratum used as city proxy,2014-15,fsw_r5_2016_17,pslm_2014_15,,"PDF pages 99-100, Table 6.1a","Table 5.1, PDF pages 447-456","Table 2.14(a), PDF pages 126-134","Table 4.6, PDF pages 416-424",,manual transcription; automated total check
2016_17,hyderabad,Hyderabad,Sindh,context_only,4426,,,,,,,,,,,,,,,,,20.31,20.8,,,42,48,7,17,Hyderabad,close,City has a separately identified large-city stratum or close district-city correspondence,2014-15,fsw_r5_2016_17,pslm_2014_15,,"PDF pages 99-100, Table 6.1a","Table 5.1, PDF pages 447-456","Table 2.14(a), PDF pages 126-134","Table 4.6, PDF pages 416-424",,manual transcription; automated total check
2016_17,karachi,Karachi,Sindh,context_only,25191,,,,,,,,,,,,,,,,,36.67,38.73,,,20,22,1,3,Karachi,composite,Metropolitan surveillance geography versus changing multi-district administration,2014-15,fsw_r5_2016_17,pslm_2014_15,,"PDF pages 99-100, Table 6.1a","Table 5.1, PDF pages 447-456","Table 2.14(a), PDF pages 126-134","Table 4.6, PDF pages 416-424",,manual transcription; automated total check
2016_17,kasur,Kasur,Punjab,context_only,1739,,,,,,,,,,,,,,,,,52.5,41.21,,,35,46,4,9,Kasur,district_proxy,District urban stratum used as city proxy,2014-15,fsw_r5_2016_17,pslm_2014_15,,"PDF pages 99-100, Table 6.1a","Table 5.1, PDF pages 447-456","Table 2.14(a), PDF pages 126-134","Table 4.6, PDF pages 416-424",,manual transcription; automated total check
2016_17,larkana,Larkana,Sindh,context_only,4593,,,,,,,,,,,,,,,,,32.76,31.96,,,45,55,2,21,Larkana,district_proxy,District urban stratum used as city proxy,2014-15,fsw_r5_2016_17,pslm_2014_15,,"PDF pages 99-100, Table 6.1a","Table 5.1, PDF pages 447-456","Table 2.14(a), PDF pages 126-134","Table 4.6, PDF pages 416-424",,manual transcription; automated total check
2016_17,mirpurkhas,Mirpurkhas,Sindh,context_only,2084,,,,,,,,,,,,,,,,,31.08,57.09,,,31,65,5,51,Mirpur Khas,district_proxy,District urban stratum used as city proxy,2014-15,fsw_r5_2016_17,pslm_2014_15,,"PDF pages 99-100, Table 6.1a","Table 5.1, PDF pages 447-456","Table 2.14(a), PDF pages 126-134","Table 4.6, PDF pages 416-424",,manual transcription; automated total check
2016_17,nawabshah,Nawabshah,Sindh,context_only,1690,,,,,,,,,,,,,,,,,25.7,21.9,,,45,67,5,54,Shaheed Benazirabad,district_proxy,District urban stratum used as city proxy; later PSLM name is Shaheed Benazirabad,2014-15,fsw_r5_2016_17,pslm_2014_15,,"PDF pages 99-100, Table 6.1a","Table 5.1, PDF pages 447-456","Table 2.14(a), PDF pages 126-134","Table 4.6, PDF pages 416-424",,manual transcription; automated total check
2016_17,peshawar,Peshawar,Khyber Pakhtunkhwa,context_only,765,,,,,,,,,,,,,,,,,35.99,38.07,,,49,58,1,12,Peshawar,close,City has a separately identified large-city stratum or close district-city correspondence,2014-15,fsw_r5_2016_17,pslm_2014_15,,"PDF pages 99-100, Table 6.1a","Table 5.1, PDF pages 447-456","Table 2.14(a), PDF pages 126-134","Table 4.6, PDF pages 416-424",,manual transcription; automated total check
2016_17,quetta,Quetta,Balochistan,context_only,4121,,,,,,,,,,,,,,,,,38.12,44.72,,,55,55,6,24,Quetta,close,City has a separately identified large-city stratum or close district-city correspondence,2014-15,fsw_r5_2016_17,pslm_2014_15,,"PDF pages 99-100, Table 6.1a","Table 5.1, PDF pages 447-456","Table 2.14(a), PDF pages 126-134","Table 4.6, PDF pages 416-424",,manual transcription; automated total check
2016_17,rawalpindi,Rawalpindi,Punjab,context_only,2465,,,,,,,,,,,,,,,,,48.14,47.95,,,20,24,1,6,Rawalpindi,close,City has a separately identified large-city stratum or close district-city correspondence,2014-15,fsw_r5_2016_17,pslm_2014_15,,"PDF pages 99-100, Table 6.1a","Table 5.1, PDF pages 447-456","Table 2.14(a), PDF pages 126-134","Table 4.6, PDF pages 416-424",,manual transcription; automated total check
2016_17,sheikhupura,Sheikhupura,Punjab,context_only,6252,,,,,,,,,,,,,,,,,41.69,35.08,,,32,38,1,6,Sheikhupura,district_proxy,District urban stratum used as city proxy,2014-15,fsw_r5_2016_17,pslm_2014_15,,"PDF pages 99-100, Table 6.1a","Table 5.1, PDF pages 447-456","Table 2.14(a), PDF pages 126-134","Table 4.6, PDF pages 416-424",,manual transcription; automated total check
2016_17,sialkot,Sialkot,Punjab,context_only,2031,,,,,,,,,,,,,,,,,26.67,24.62,,,18,25,2,5,Sialkot,district_proxy,District urban stratum used as city proxy,2014-15,fsw_r5_2016_17,pslm_2014_15,,"PDF pages 99-100, Table 6.1a","Table 5.1, PDF pages 447-456","Table 2.14(a), PDF pages 126-134","Table 4.6, PDF pages 416-424",,manual transcription; automated total check
2016_17,sukkur,Sukkur,Sindh,context_only,3307,,,,,,,,,,,,,,,,,28.91,30.43,,,42,58,5,25,Sukkur,close,City has a separately identified large-city stratum or close district-city correspondence,2014-15,fsw_r5_2016_17,pslm_2014_15,,"PDF pages 99-100, Table 6.1a","Table 5.1, PDF pages 447-456","Table 2.14(a), PDF pages 126-134","Table 4.6, PDF pages 416-424",,manual transcription; automated total check
2016_17,turbat,Turbat,Balochistan,context_only,523,,,,,,,,,,,,,,,,,,,,,,,,,,district_proxy,District urban stratum used as city proxy; matched to Kech district,2014-15,fsw_r5_2016_17,pslm_2014_15,,"PDF pages 99-100, Table 6.1a","Table 5.1, PDF pages 447-456","Table 2.14(a), PDF pages 126-134","Table 4.6, PDF pages 416-424",,manual transcription; automated total check
