city,network_operators,avg_home_fsw_per_operator,avg_kothikhana_fsw_per_operator,avg_networked_fsw_per_operator,avg_kothikhanas_per_operator,avg_kothikhana_fsw_per_kothikhana,source_file,source_locator
DG Khan,290,3.2,1.3,4.6,1.9,3.5,data/raw/sexwork/2011/emmanuel_2013_fsw_structure.xml,"Emmanuel et al. 2013, Table 2"
Faisalabad,1013,2.8,1.0,3.8,2.1,3.2,data/raw/sexwork/2011/emmanuel_2013_fsw_structure.xml,"Emmanuel et al. 2013, Table 2"
Lahore,3359,3.8,1.6,5.4,11.9,2.9,data/raw/sexwork/2011/emmanuel_2013_fsw_structure.xml,"Emmanuel et al. 2013, Table 2"
Multan,789,3.5,1.8,5.3,4.4,4.8,data/raw/sexwork/2011/emmanuel_2013_fsw_structure.xml,"Emmanuel et al. 2013, Table 2"
Rawalpindi,674,2.9,1.3,4.2,4.6,3.2,data/raw/sexwork/2011/emmanuel_2013_fsw_structure.xml,"Emmanuel et al. 2013, Table 2"
Sargodha,272,3.8,3.6,7.4,6.7,3.6,data/raw/sexwork/2011/emmanuel_2013_fsw_structure.xml,"Emmanuel et al. 2013, Table 2"
Hyderabad,333,3.8,2.2,5.9,7.2,3.9,data/raw/sexwork/2011/emmanuel_2013_fsw_structure.xml,"Emmanuel et al. 2013, Table 2"
Karachi,128,3.0,2.0,5.0,4.3,3.2,data/raw/sexwork/2011/emmanuel_2013_fsw_structure.xml,"Emmanuel et al. 2013, Table 2"
Larkana,521,4.7,0.3,5.0,4.4,2.0,data/raw/sexwork/2011/emmanuel_2013_fsw_structure.xml,"Emmanuel et al. 2013, Table 2"
Mirpurkhas,202,2.0,1.0,3.1,3.5,2.9,data/raw/sexwork/2011/emmanuel_2013_fsw_structure.xml,"Emmanuel et al. 2013, Table 2"
Nawabshah,452,4.6,0.8,5.4,4.3,6.5,data/raw/sexwork/2011/emmanuel_2013_fsw_structure.xml,"Emmanuel et al. 2013, Table 2"
Sukkur,3623,6.6,1.3,7.9,7.1,14.1,data/raw/sexwork/2011/emmanuel_2013_fsw_structure.xml,"Emmanuel et al. 2013, Table 2"
Haripur,148,4.8,1.8,6.6,3.1,4.6,data/raw/sexwork/2011/emmanuel_2013_fsw_structure.xml,"Emmanuel et al. 2013, Table 2"
Peshawar,175,3.1,2.2,5.3,1.3,3.4,data/raw/sexwork/2011/emmanuel_2013_fsw_structure.xml,"Emmanuel et al. 2013, Table 2"
Quetta,183,3.0,2.6,5.7,5.9,6.3,data/raw/sexwork/2011/emmanuel_2013_fsw_structure.xml,"Emmanuel et al. 2013, Table 2"
