city,economic_distress_urban_pct,fsw_density_per_1000_adult_men,fitted,studentized_residual_external,leverage,cooks_distance
DG Khan,28.780000,13.300000,9.481252,1.175447,0.095199,0.070614
Faisalabad,47.200000,5.000000,8.471432,-1.075821,0.122366,0.079721
Haripur,42.590000,11.900000,8.724161,0.954758,0.084802,0.042522
Hyderabad,26.820000,8.500000,9.588702,-0.321637,0.111612,0.006980
Karachi,50.790000,5.500000,8.274621,-0.868376,0.165845,0.076407
Lahore,37.470000,11.500000,9.004849,0.732107,0.067156,0.020007
Larkana,23.130000,8.200000,9.790995,-0.483849,0.152585,0.022396
Mirpurkhas,18.150000,8.500000,10.064008,-0.498876,0.228748,0.039171
Multan,39.770000,8.000000,8.878759,-0.253593,0.071948,0.002686
Nawabshah,27.580000,14.200000,9.547038,1.483269,0.104807,0.117906
Peshawar,34.550000,4.200000,9.164929,-1.565078,0.068437,0.080949
Quetta,57.440000,10.700000,7.910056,0.944449,0.279290,0.174279
Rawalpindi,44.530000,3.400000,8.617807,-1.696178,0.098107,0.136736
Sargodha,48.830000,12.500000,8.382072,1.317678,0.140563,0.134376
Sukkur,19.330000,10.500000,9.999319,0.156200,0.208535,0.003475
