source_id,bibkey,priority,evidence_grade,geography,year,source_type,design,sample_or_scope,economic_or_structural_driver,sex_work_marker,plain_finding,relevance_to_paper1,comparison_direction,doi,pmid,pmcid,abstract_or_report_url,full_text_url
PK01,NACP2007RoundII,core,A,Pakistan,2007,official_report,mapping_and_IBBS,"12 cities; Round II 2006-07",period socioeconomic context,"mapped counts and typology",Provides the earliest nationally coordinated city mapping used in the Pakistan time series and documents a predominantly home and street market,Direct input to the deterioration-to-2011 comparison,foundational,"",,"",https://www.nacp.gov.pk/repository/howwework/pdf/SGS%20Round%202%20Report%202006-07.pdf,https://www.nacp.gov.pk/repository/howwework/pdf/SGS%20Round%202%20Report%202006-07.pdf
PK02,Blanchard2008Variation,core,A,Pakistan,2008,journal_article,cross_sectional_mapping,"34,480 FSWs in 7 cities",city context and market organisation,"population size; venue type; client volume",Large city differences were present; about 40% were street based and 57.5% home based while client volume was highly uneven,Supports use of multiple markers and city heterogeneity rather than one national average,consistent,10.1136/sti.2008.033167,18799488,,https://pubmed.ncbi.nlm.nih.gov/18799488/,https://doi.org/10.1136/sti.2008.033167
PK03,NACP2009Situation,core,B,Pakistan,2009,official_report,situation_assessment,national sex-work and HIV-prevention context,poverty stigma law and programme environment,"organisation; vulnerability; service access",Describes the social and programme setting in which Pakistani sex work is organised and reached,Provides national context for why visibility and mapping coverage can change,contextual,"",,,https://new.aidsdatahub.org/sites/default/files/resource/situation-assessment-sex-work-hiv-prevention-pakistan-2009.pdf,https://new.aidsdatahub.org/sites/default/files/resource/situation-assessment-sex-work-hiv-prevention-pakistan-2009.pdf
PK04,Khan2011Lahore,core,B,Pakistan,2011,journal_article,cross_sectional_RDS,"730 women selling sex in Lahore",poverty and economic survival,"entry; continuation; duration; clients",Ninety-one percent cited poverty or financial reasons for entry and 99% economic survival for continuation; median duration was 7 years,Direct Pakistani support for economic entry and persistence mechanisms but not population change,consistent,10.1186/1471-2334-11-119,21569319,PMC3114735,https://pubmed.ncbi.nlm.nih.gov/21569319/,https://pmc.ncbi.nlm.nih.gov/articles/PMC3114735/
PK05,NACP2011RoundIV,core,A,Pakistan,2011,official_report,mapping_and_IBBS,"20 cities; 89,178 mapped FSWs",2010-11 conditions,"mapped counts; typology; density",Provides the strongest common-round city mapping and behavioural data in the available Pakistani series,Primary outcome source for Paper 1,foundational,"",,,https://www.anf.gov.pk/library/report-round4-2011.pdf,https://www.anf.gov.pk/library/report-round4-2011.pdf
PK06,Emmanuel2013Organisation,core,A,Pakistan,2013,journal_article,cross_sectional_mapping,"89,178 FSWs in 15 reported city units from 2011 mapping",city and organisational context,"population size; density; typology; intermediation","Average density was 7.2 per 1,000 adult men; 55% of the mapped population was in Karachi and Lahore and organisation varied sharply by city",Direct source for Paper 1 outcomes and proof that density alone misses scale and structure,foundational,10.1136/sextrans-2013-051062,23771032,PMC3756447,https://pubmed.ncbi.nlm.nih.gov/23771032/,https://pmc.ncbi.nlm.nih.gov/articles/PMC3756447/
PK07,Mishra2013Vulnerabilities,core,A,Pakistan,2013,journal_article,repeated_cross_sectional_IBBS,"6,987 FSW observations across 9 common cities in 2006 and 2011",structural vulnerability and changing work organisation,"mapped population; cellphone; typology; clients","Mapped estimates increased from 49,037 to 73,675; cellphone solicitation and intermediary forms increased and reported client volume rose while participant profiles became more vulnerable",Closest published within-Pakistan corroboration of expansion plus structural change; authors note improved mapping could contribute,consistent,10.1136/sextrans-2012-050776,23413402,PMC3756444,https://pubmed.ncbi.nlm.nih.gov/23413402/,https://pmc.ncbi.nlm.nih.gov/articles/PMC3756444/
PK08,Emmanuel2013SGS,core,A,Pakistan,2013,journal_article,multicity_surveillance,"Round IV mapping and IBBS in 20 cities",surveillance system and key-population context,"population size; HIV; behaviours","Reports 89,178 mapped FSWs and describes the national second-generation surveillance system and its changing city coverage",Validates the provenance and limitations of the 2011 stock measure,foundational,10.1136/sextrans-2013-051161,23912818,PMC3841725,https://pubmed.ncbi.nlm.nih.gov/23912818/,https://pmc.ncbi.nlm.nih.gov/articles/PMC3841725/
PK09,Emmanuel2013Allocation,secondary,B,Pakistan,2013,journal_article,resource_allocation_model,"2011 mapped key populations and programme cost data",scarce resources and city concentration,"population size; geographic concentration",Shows how 2011 population-size estimates were used to prioritise the largest city populations and estimate programme coverage costs,Shows that absolute counts have direct policy meaning distinct from density,consistent,10.1136/sextrans-2013-051017,23843454,PMC3756450,https://pubmed.ncbi.nlm.nih.gov/23843454/,https://pmc.ncbi.nlm.nih.gov/articles/PMC3756450/
PK10,Reza2013Patterns,secondary,B,Pakistan,2013,journal_article,epidemic_modelling,"2011 density and surveillance data from 6 cities; models in 4",city heterogeneity and sexual-drug network bridging,"density; networks; HIV trajectory",FSW density and bridging varied substantially by city and required locally tailored interpretation,Reinforces the city-level and multi-marker approach; does not test economics,contextual,10.1136/sextrans-2012-050872,23633670,PMC3756441,https://pubmed.ncbi.nlm.nih.gov/23633670/,https://pmc.ncbi.nlm.nih.gov/articles/PMC3756441/
PK11,PACP2014Punjab,core,A,Pakistan,2014,official_report,mapping_and_IBBS,"Lahore Faisalabad Multan and Sargodha",2014 Punjab context,"mapped counts and typology",Provides comparable post-2011 city counts and typology shares for four Punjab cities,Direct input to the early-recovery comparison,foundational,"",,,https://phkh.nhsrc.pk/sites/default/files/2021-01/IBBS%20Punjab%202014.pdf,https://phkh.nhsrc.pk/sites/default/files/2021-01/IBBS%20Punjab%202014.pdf
PK12,NACP2015Mapping,core,B,Pakistan,2015,official_report,mapping_summary,national key-population mapping,2015-16 context,"population-size estimates",Documents the later mapping exercise but the acquired excerpt lacks the full city tables needed for a clean longitudinal analysis,Supports later-round provenance while defining missingness,contextual,"",,,https://medbox.org/document/mapping-of-key-populations-in-pakistan-2015,https://medbox.org/document/mapping-of-key-populations-in-pakistan-2015
PK13,NACP2017RoundV,core,A,Pakistan,2017,official_report,mapping_and_IBBS,"18 printed city averages in Round V",2016-17 recovery context,"city mapped counts",Provides later city counts; the printed city values and grand total are internally inconsistent and no comparable density or typology table is available,Direct input to the long-recovery plateau test with explicit caution,foundational,"",,,https://www.nacp.gov.pk/repository/howwework/pdf/IBBS%20Report%20Round%205.pdf,https://www.nacp.gov.pk/repository/howwework/pdf/IBBS%20Report%20Round%205.pdf
PK14,Melesse2018Heterogeneity,secondary,B,Pakistan,2018,journal_article,mathematical_modelling,"4 surveillance rounds across up to 20 cities",time and geographic heterogeneity,"HIV incidence and prevalence by key population",Modelled epidemic trajectories differed sharply by city and key population,Supports avoiding pooled national assumptions; outcome is HIV rather than FSW population,contextual,10.7189/jogh.08.010412,29770215,PMC5944903,https://pubmed.ncbi.nlm.nih.gov/29770215/,https://pmc.ncbi.nlm.nih.gov/articles/PMC5944903/
PK15,Anwar2014Sahiwal,supplementary,C,Pakistan,2014,journal_article,small_qualitative_case_study,"10 purposively sampled respondents in Sahiwal",socioeconomic and psychological circumstances,"entry; social adjustment; violence",Reports socioeconomic causes and social adjustment problems among a very small local sample,Locally relevant but too small and weakly sampled to support prevalence or trend claims,consistent,10.5901/jesr.2014.v4n3p391,,,https://www.richtmann.org/journal/index.php/jesr/article/view/2738,https://www.richtmann.org/journal/index.php/jesr/article/view/2738
PK16,Iram2019Acceptability,supplementary,C,Pakistan,2019,journal_article,qualitative_or_mixed_methods_not_clearly_reported,reported Pakistani sample,poverty illiteracy low pay stigma and gender inequality,"entry; diversion from sex work",Identifies poverty low pay illiteracy and social exclusion as reported entry conditions,Adds Pakistani livelihood context but methods and normative framing limit inferential weight,consistent,10.1080/23311886.2019.1646110,,,https://doaj.org/article/99846b4e73de406eb9acf6d0080caf3c,https://doi.org/10.1080/23311886.2019.1646110
ZW01,Elmes2017Reconfiguration,core,A,Zimbabwe,2017,journal_article,historical_qualitative_case_study,"eastern Zimbabwe communities across economic collapse",economic collapse social norms and currency change,"visibility; venue; transactional sex; vulnerability",Economic collapse reduced some formal commercial activity but increased poverty-driven and commodity-based sex and dispersed negotiation into less visible community settings,Closest analogue to Pakistan's expansion plus homeward or less-visible reorganisation,strongly_consistent,10.1371/journal.pone.0171916,28225822,PMC5321466,https://pubmed.ncbi.nlm.nih.gov/28225822/,https://pmc.ncbi.nlm.nih.gov/articles/PMC5321466/
ZW02,Steen2019Economy,core,A,Zimbabwe,2019,journal_article,multidecade_narrative_synthesis,"three decades of epidemiological behavioural and economic data",economic decline layoffs migrant labour and recovery,"client demand; client volume; STI; sex-work activity",Male demand and client volumes fell during collapse as migrant workers lost jobs and activity rose again after recovery,Shows the countervailing demand side: worsening conditions may increase supply while reducing paid demand,partly_contrasting_but_explanatory,10.1097/QAD.0000000000002066,30475261,PMC6415983,https://pubmed.ncbi.nlm.nih.gov/30475261/,https://pmc.ncbi.nlm.nih.gov/articles/PMC6415983/
ZW03,Fearon2020ZimbabwePSE,secondary,A,Zimbabwe,2020,journal_article,multiple_population_size_methods,"20 sites using 2015-17 RDS mapping and programme data",measurement method and geography,"population-size estimate","National FSW size was estimated at 40,491 with wide plausibility bounds and large differences by method and site",Shows why mapped counts are estimates with method-sensitive uncertainty and why site composition matters,methodological,10.1097/QAI.0000000000002393,32379082,PMC7417013,https://pubmed.ncbi.nlm.nih.gov/32379082/,https://pmc.ncbi.nlm.nih.gov/articles/PMC7417013/
ZW04,Busza2014Triple,secondary,B,Zimbabwe,2014,journal_article,qualitative_interviews,"10 women who experienced adolescent sex work and migration",family instability school fees political upheaval and livelihood need,"entry and mobility",Economic and family disruptions catalysed entry and sex work then generated further income-seeking migration,Supports shock-driven entry and mobility but the sample is small and selected,consistent,10.1016/j.healthplace.2014.04.002,24791742,,https://pubmed.ncbi.nlm.nih.gov/24791742/,https://doi.org/10.1016/j.healthplace.2014.04.002
ZW05,Davey2019Mobility,secondary,B,Zimbabwe,2019,journal_article,repeated_cross_sectional_RDS,"2,591 FSWs in 2013 and 2,839 in 2016 across 14 sites",search for clients with more money,"work mobility",Work travel rose from 27% to 59%; finding wealthier clients was the most common reason for travel,Shows that economic conditions can change geography and visibility rather than only local headcounts,consistent,10.1016/j.socscimed.2018.11.027,30500610,,https://pubmed.ncbi.nlm.nih.gov/30500610/,https://doi.org/10.1016/j.socscimed.2018.11.027
INT01,RobinsonYeh2011Risk,core,A,Kenya,2011,journal_article,short_panel_diaries,"192 self-reported diaries in western Kenya",unexpected household health shocks,"transactional-sex supply; price; risk",Women increased risky higher-paid transactional sex after unexpected household health shocks,Strong direct evidence that income need changes supply at short time scales,consistent,10.1257/app.3.1.35,,,https://www.aeaweb.org/articles?id=10.1257/app.3.1.35,https://www.aeaweb.org/articles?id=10.1257/app.3.1.35
INT02,Burke2015IncomeShocks,core,A,"19 sub-Saharan African countries",2015,journal_article,quasi_experimental_observational,"more than 200,000 people in 21 DHS surveys",drought-related income shocks,"HIV prevalence; transactional-sex mechanism",Recent drought shocks increased HIV risk in endemic rural areas; the authors identify transactional sex as a mechanism consistent with the pattern,Strong causal-style evidence for income-shock pathways but outcome is HIV not FSW stock,consistent,10.1111/ecoj.12149,,,https://onlinelibrary.wiley.com/doi/10.1111/ecoj.12149,https://onlinelibrary.wiley.com/doi/full/10.1111/ecoj.12149
INT03,Treibich2022Drought,core,A,Malawi,2022,journal_article,quasi_experimental_observational,"2015-16 DHS linked to a six-month drought",drought economic shock,"transactional sex; STI",Among women working in agriculture a six-month drought doubled transactional sex and increased reported STI by 48%,Direct evidence that worsening livelihoods can increase transactional-sex supply,consistent,10.1016/j.ssmph.2022.101221,36164494,PMC9508466,https://pubmed.ncbi.nlm.nih.gov/36164494/,https://pmc.ncbi.nlm.nih.gov/articles/PMC9508466/
INT04,Goehring2025FallenWomen,core,A,Britain,2025,journal_article,historical_difference_in_differences,"counties exposed to the 1861-65 cotton famine",localized recession in female-employing textile industry,"sex-work establishments; formal versus informal",The recession increased establishments by about 20%; roughly three-quarters of the increase occurred in informal venues despite evidence of weaker leisure demand,Strongest direct causal evidence for downturn-driven supply and informal reorganisation; historical and legal context differs,strongly_consistent,10.1016/j.jpubeco.2025.105405,,,https://doi.org/10.1016/j.jpubeco.2025.105405,https://www.sciencedirect.com/science/article/pii/S0047272725001033
INT05,JarvisKing2024Trajectories,core,B,United_Kingdom,2024,journal_article,qualitative_longitudinal,"independent indoor sex workers followed after the 2007-08 crisis",austerity economic decline and weak mainstream labour market,"entry; competition; demand; wellbeing",Financial hardship made sex work a coping option while rising competition and declining demand worsened earnings and wellbeing,Clearly articulates simultaneous supply expansion and demand contraction,strongly_consistent,10.1177/13607804231162757,,,https://doi.org/10.1177/13607804231162757,https://journals.sagepub.com/doi/10.1177/13607804231162757
INT06,Manopaiboon2003Leaving,core,B,Thailand,2003,journal_article,qualitative_interviews,"42 current and former FSWs drawn from a cohort of 500",economic situation and relationships,"exit and re-entry",All but one had quit at least once; most experienced quit-re-entry cycles and economic circumstances had the strongest influence on leaving,Direct support for a stock that persists despite individual exits and for economically driven re-entry,consistent,10.1080/012021000039743,12655832,,https://pubmed.ncbi.nlm.nih.gov/12655832/,https://doi.org/10.1080/012021000039743
INT07,WardDay2006Cohort,core,B,United_Kingdom,2006,journal_article,longitudinal_cohort,"130 of an original 354 women with outcomes over 15 years",occupational opportunities and long-term trajectories,"duration and occupational mobility",Fifty-nine percent were still in the sex industry after a mean 13.6 years of selling sex despite considerable occupational mobility,Strong evidence that sex-work population stock can remain because careers are often long,consistent,10.1136/sti.2006.020982,16790559,PMC2563855,https://pubmed.ncbi.nlm.nih.gov/16790559/,https://pmc.ncbi.nlm.nih.gov/articles/PMC2563855/
INT08,Ingabire2012Kigali,core,B,Rwanda,2012,journal_article,qualitative_focus_groups_and_interviews,"70 FSWs in Kigali",poverty disruptive events and financial crisis,"entry; attempted exit; re-entry",Poverty shaped entry; financial reasons prevented leaving and some women returned after a new financial crisis,Direct support for economic entry barriers and re-entry,consistent,10.1080/13691058.2012.713120,22937751,,https://pubmed.ncbi.nlm.nih.gov/22937751/,https://doi.org/10.1080/13691058.2012.713120
INT09,Learmonth2015Barriers,secondary,B,South_Africa,2015,journal_article,qualitative_focus_groups,"21 Black women selling sex on the street",poverty unemployment stigma and violence,"exit barriers and return",Economic necessity and lack of alternative employment constrained exit; narratives included return after losing a non-sex-work job,Supports plateau and return-to-work mechanisms but is a small local sample,consistent,10.1080/21642850.2015.1095098,,,https://doi.org/10.1080/21642850.2015.1095098,https://www.tandfonline.com/doi/full/10.1080/21642850.2015.1095098
INT10,White2020Interruptions,core,A,United_States,2020,journal_article,prospective_cohort,"205 street-based FSWs followed quarterly for 12 months",homelessness IPV drug treatment and income dependence,"short-term interruption and restart",Forty percent stopped at least once; homelessness and IPV reduced the chance of interruption and 10% stopped then restarted,Quantitative evidence that leaving is non-linear and structural vulnerability sustains the stock,consistent,10.1016/j.drugpo.2020.102858,32726687,PMC7738417,https://pubmed.ncbi.nlm.nih.gov/32726687/,https://pmc.ncbi.nlm.nih.gov/articles/PMC7738417/
INT11,McClarty2014Entry,secondary,B,India,2014,journal_article,narrative_review,Indian literature on women's entry into sex work,financial insecurity family discord violence coercion and independence,"entry pathway",Financial insecurity was one of several recurrent entry pathways and family/community relationships shaped early careers,Comparable South Asian evidence that economics acts with social and coercive factors rather than alone,consistent,10.1080/13691058.2013.845692,24236895,,https://pubmed.ncbi.nlm.nih.gov/24236895/,https://doi.org/10.1080/13691058.2013.845692
INT12,Saggurti2011Motivations,secondary,B,India,2011,journal_article,cross_sectional_survey,"5,498 mobile FSWs in 22 districts across 4 states",poor economic conditions negative life events coercion and tradition,"reported reason for entry",Poor economic conditions were a common entry reason and were associated with greater current risk than entry by choice or tradition,Large comparable South Asian sample supporting heterogeneous but often economic entry,consistent,10.1017/S0021932011000277,21729360,,https://pubmed.ncbi.nlm.nih.gov/21729360/,https://doi.org/10.1017/S0021932011000277
INT13,Kimani2020COVID,secondary,B,Kenya,2020,journal_article,rapid_programme_commentary,sex-worker communities and programmes in Nairobi,pandemic restrictions and loss of income,"demand; income; food housing and health security",Curfews and lost income sharply harmed sex workers and changed work in ways that increased vulnerability,Shows that a negative shock can contract demand and harm existing workers even if supply pressure rises,partly_contrasting_but_explanatory,10.1080/17441692.2020.1770831,32459578,,https://pubmed.ncbi.nlm.nih.gov/32459578/,https://doi.org/10.1080/17441692.2020.1770831
INT14,Shannon2015Structural,core,A,global,2015,journal_article,systematic_or_structured_review_and_modelling,"204 unique studies; 87 examined structural determinants",law violence stigma work environment and community organisation,"HIV risk and access among FSWs",Structural conditions interact with interpersonal and individual factors; single-factor explanations are inadequate,Provides the framework for interpreting economic conditions as one layer in a complex system,contextual,10.1016/S0140-6736(14)60931-4,25059947,PMC4297548,https://pubmed.ncbi.nlm.nih.gov/25059947/,https://pmc.ncbi.nlm.nih.gov/articles/PMC4297548/
INT15,Wamoyi2016Transactional,secondary,A,sub_Saharan_Africa,2016,journal_article,systematic_review_and_meta_analysis,"19 papers from 16 studies",material exchange and structural vulnerability,"transactional sex and HIV",Transactional sex was associated with HIV among women; evidence on causal pathways was limited by few longitudinal studies,Clarifies that transactional-sex findings support mechanism but are not identical to FSW population estimates,contextual,10.7448/IAS.19.1.20992,27809960,PMC5095351,https://pubmed.ncbi.nlm.nih.gov/27809960/,https://pmc.ncbi.nlm.nih.gov/articles/PMC5095351/
INT16,Mihretie2023Prevalence,secondary,A,sub_Saharan_Africa,2023,journal_article,systematic_review_and_meta_analysis,"48 studies published 2000-2022",orphanhood violence substance use and social vulnerability,"transactional-sex prevalence and correlates",Pooled reported prevalence was 12.55% with strong heterogeneity; violence orphanhood and other vulnerabilities were associated factors,Shows the wider vulnerability context and limits of reducing transactional sex to income alone,contextual,10.1371/journal.pone.0286850,37289839,PMC10249834,https://pubmed.ncbi.nlm.nih.gov/37289839/,https://pmc.ncbi.nlm.nih.gov/articles/PMC10249834/
INT17,Wilson2012Booms,core,A,Zambia,2012,journal_article,quasi_experimental_observational,copper-mining cities compared through the early-2000s boom,positive aggregate copper boom,"transactional sex; multiple partnerships",The copper boom substantially reduced transactional sex and multiple partnerships in mining cities,Direct evidence for the opposite-side question: improved economic conditions can reduce transactional sex,strongly_consistent,10.1016/j.jhealeco.2012.07.007,22940637,,https://pubmed.ncbi.nlm.nih.gov/22940637/,https://doi.org/10.1016/j.jhealeco.2012.07.007
INT18,MahadeshwarZhou2024Outside,secondary,B,Cambodia,2024,working_paper,randomized_field_experiment,sex workers randomized to improved outside-work incentives or unconditional cash,better non-sex-work earning opportunities,"sex-work labour supply; outside earnings",Improving outside-work incentives raised outside earnings 20% and reduced sex work 13%; an unconditional cash transfer did not reduce sex work,Direct evidence that better alternative employment can reduce sex-work supply; working paper status requires later publication check,strongly_consistent,"",,,https://www.isid.ac.in/~acegd/acegd2024/papers/RuchiMahadeshwar.pdf,https://www.isid.ac.in/~acegd/acegd2024/papers/RuchiMahadeshwar.pdf
INT19,Lora2025LifeCourse,core,B,Malawi,2025,journal_article,longitudinal_qualitative,"30 FSWs interviewed three times over 12 months in Blantyre",income instability business failure partner loss violence and stigma,"entry; slowing; temporary exit; re-entry",Twenty of 30 had temporarily left at least once and most returned when circumstances worsened; financial stability supported slowing or breaks,Recent longitudinal support for a dynamic stock with temporary exit and economically driven re-entry,consistent,10.1007/s10461-025-04790-z,,,https://doi.org/10.1007/s10461-025-04790-z,https://link.springer.com/article/10.1007/s10461-025-04790-z
