search_id,date,source_family,representative_query,purpose,status
S01,2026-10-03,PubMed and PMC,"Pakistan female sex workers mapping IBBS population size structure",Identify papers based on the Pakistani surveillance system,complete
S02,2026-10-03,Official Pakistan and institutional repositories,"Pakistan HIV second generation surveillance female sex workers Round II Round IV Round V",Locate the primary reports underlying Paper 1,complete
S03,2026-10-03,PubMed publisher and scholarly web,"Pakistan female sex workers poverty economic survival Lahore Punjab",Find direct Pakistani socioeconomic and livelihood evidence,complete
S04,2026-10-03,PubMed PMC and publisher,"Zimbabwe sex work economic collapse recovery demand reconfiguration",Identify the closest international comparison,complete
S05,2026-10-03,PubMed and publisher,"Zimbabwe female sex worker population size mobility migration",Interpret changes in mapped size and movement,complete
S06,2026-10-03,Economics and scholarly publisher sites,"sex work recession economic decline income shock supply",Find direct economic-shock studies,complete
S07,2026-10-03,PubMed and economics sources,"transactional sex income shock drought household illness",Find evidence for economic coping and entry/supply mechanisms,complete
S08,2026-10-03,PubMed and publisher,"female sex work exit leaving re-entry barriers economic",Test the stock persistence and plateau interpretation,complete
S09,2026-10-03,PubMed and PMC,"female sex workers structural determinants systematic review",Identify structural frameworks and synthesis evidence,complete
S10,2026-10-03,Citation chaining,"references and citing papers from Pakistan and Zimbabwe core studies",Find closely related empirical and methodological papers,complete
S11,2026-10-03,PubMed and economics sources,"positive economic shock outside employment options reduce sex work",Test the hypothesised effect of better conditions rather than only deterioration,complete
S12,2026-10-03,Publisher and scholarly web,"2024 2025 2026 Pakistan Zimbabwe sex work economy population size",Check for recent directly relevant evidence,complete
