variable,storage_type,unit,missing_value_rule
round_id,str,varies,Missing is unavailable/not comparable; never zero
city_id,str,varies,Missing is unavailable/not comparable; never zero
city,str,varies,Missing is unavailable/not comparable; never zero
province,str,varies,Missing is unavailable/not comparable; never zero
analysis_status,str,varies,Missing is unavailable/not comparable; never zero
fsw_total,int64,count,Missing is unavailable/not comparable; never zero
fsw_density_per_1000_adult_men,float64,varies,Missing is unavailable/not comparable; never zero
adult_male_population_implied,float64,varies,Missing is unavailable/not comparable; never zero
brothel_count,float64,count,Missing is unavailable/not comparable; never zero
street_count,float64,count,Missing is unavailable/not comparable; never zero
home_count,float64,count,Missing is unavailable/not comparable; never zero
kothikhana_count,float64,count,Missing is unavailable/not comparable; never zero
cellphone_count,float64,count,Missing is unavailable/not comparable; never zero
other_count,float64,count,Missing is unavailable/not comparable; never zero
brothel_share_pct,float64,0-100,Missing is unavailable/not comparable; never zero
street_share_pct,float64,0-100,Missing is unavailable/not comparable; never zero
home_share_pct,float64,0-100,Missing is unavailable/not comparable; never zero
kothikhana_share_pct,float64,0-100,Missing is unavailable/not comparable; never zero
cellphone_share_pct,float64,0-100,Missing is unavailable/not comparable; never zero
other_share_pct,float64,0-100,Missing is unavailable/not comparable; never zero
typology_count_sum,float64,varies,Missing is unavailable/not comparable; never zero
typology_sum_difference,float64,varies,Missing is unavailable/not comparable; never zero
economic_distress_urban_pct,float64,0-100,Missing is unavailable/not comparable; never zero
economic_distress_all_pct,float64,0-100,Missing is unavailable/not comparable; never zero
poverty_headcount_urban_pct,float64,0-100,Missing is unavailable/not comparable; never zero
poverty_headcount_all_pct,float64,0-100,Missing is unavailable/not comparable; never zero
female_illiteracy_urban_pct,float64,0-100,Missing is unavailable/not comparable; never zero
female_illiteracy_all_pct,float64,0-100,Missing is unavailable/not comparable; never zero
sanitation_deprivation_urban_pct,float64,0-100,Missing is unavailable/not comparable; never zero
sanitation_deprivation_all_pct,float64,0-100,Missing is unavailable/not comparable; never zero
economic_geography,str,varies,Missing is unavailable/not comparable; never zero
geographic_match_quality,str,varies,Missing is unavailable/not comparable; never zero
geographic_match_note,str,varies,Missing is unavailable/not comparable; never zero
economic_period,str,varies,Missing is unavailable/not comparable; never zero
sexwork_source_id,str,varies,Missing is unavailable/not comparable; never zero
economic_source_id,str,varies,Missing is unavailable/not comparable; never zero
poverty_source_id,str,varies,Missing is unavailable/not comparable; never zero
sexwork_locator,str,varies,Missing is unavailable/not comparable; never zero
economic_locator,str,varies,Missing is unavailable/not comparable; never zero
literacy_locator,str,varies,Missing is unavailable/not comparable; never zero
sanitation_locator,str,varies,Missing is unavailable/not comparable; never zero
poverty_locator,str,varies,Missing is unavailable/not comparable; never zero
extraction_method,str,varies,Missing is unavailable/not comparable; never zero
