round_id,city_id,city,province,analysis_status,fsw_total,fsw_density_per_1000_adult_men,adult_male_population_implied,brothel_count,street_count,home_count,kothikhana_count,cellphone_count,other_count,brothel_share_pct,street_share_pct,home_share_pct,kothikhana_share_pct,cellphone_share_pct,other_share_pct,typology_count_sum,typology_sum_difference,economic_distress_urban_pct,economic_distress_all_pct,poverty_headcount_urban_pct,poverty_headcount_all_pct,female_illiteracy_urban_pct,female_illiteracy_all_pct,sanitation_deprivation_urban_pct,sanitation_deprivation_all_pct,economic_geography,geographic_match_quality,geographic_match_note,economic_period,sexwork_source_id,economic_source_id,poverty_source_id,sexwork_locator,economic_locator,literacy_locator,sanitation_locator,poverty_locator,extraction_method,z_poverty_headcount_urban_pct,z_female_illiteracy_urban_pct,z_sanitation_deprivation_urban_pct,chronic_deprivation_index,chronic_deprivation_index_z,acute_distress_z,log_fsw_total,log_adult_male_population_implied,economic_archetype,network_operators,avg_home_fsw_per_operator,avg_kothikhana_fsw_per_operator,avg_networked_fsw_per_operator,avg_kothikhanas_per_operator,avg_kothikhana_fsw_per_kothikhana
2011,dg_khan,DG Khan,Punjab,primary,1413,13.30000000,106240.60150376,0.00000000,53.00000000,939.00000000,387.00000000,34.00000000,0.00000000,0.00000000,3.75088000,66.45440000,27.38850000,2.40623000,0.00000000,1413.00000000,0.00000000,28.78000000,40.95000000,39.74000000,63.96000000,38.00000000,71.00000000,1.00000000,62.00000000,D.G.Khan,district_proxy,District urban stratum used as city proxy,2010-11,fsw_2011_xml,pslm_2010_11,spdc_rr85,Table 1,"Table 5.1, PDF pages 403-411","Table 2.14(a), PDF pages 131-135","Table 4.8, PDF pages 399-403","Tables A.3-A.6, PDF pages 16-19",XML table extraction,0.37814550,0.10726080,-0.89156713,-0.13538694,-0.14813509,-0.63202552,7.25347038,11.57346163,low acute / high chronic,290,3.20000000,1.30000000,4.60000000,1.90000000,3.50000000
2011,faisalabad,Faisalabad,Punjab,primary,4846,5.00000000,969200.00000000,0.00000000,882.00000000,2887.00000000,878.00000000,59.00000000,140.00000000,0.00000000,18.20060000,59.57490000,18.11800000,1.21750000,2.88898000,4846.00000000,0.00000000,47.20000000,45.52000000,26.95000000,27.41000000,26.00000000,40.00000000,2.00000000,14.00000000,Faisalabad,close,City has a separately identified large-city stratum or close district-city correspondence,2010-11,fsw_2011_xml,pslm_2010_11,spdc_rr85,Table 1,"Table 5.1, PDF pages 403-411","Table 2.14(a), PDF pages 131-135","Table 4.8, PDF pages 399-403","Tables A.3-A.6, PDF pages 16-19",XML table extraction,-0.59134821,-0.85808640,-0.62934150,-0.69292537,-0.75817178,0.88305908,8.48590890,13.78422627,high acute / low chronic,1013,2.80000000,1.00000000,3.80000000,2.10000000,3.20000000
2011,haripur,Haripur,Khyber Pakhtunkhwa,primary,2994,11.90000000,251596.63865546,0.00000000,346.00000000,611.00000000,230.00000000,521.00000000,1286.00000000,0.00000000,11.55640000,20.40750000,7.68203000,17.40150000,42.95260000,2994.00000000,0.00000000,42.59000000,29.49000000,25.31000000,20.28000000,28.00000000,43.00000000,2.00000000,20.00000000,Haripur,district_proxy,District urban stratum used as city proxy,2010-11,fsw_2011_xml,pslm_2010_11,spdc_rr85,Table 1,"Table 5.1, PDF pages 403-411","Table 2.14(a), PDF pages 131-135","Table 4.8, PDF pages 399-403","Tables A.3-A.6, PDF pages 16-19",XML table extraction,-0.71566171,-0.69719520,-0.62934150,-0.68073280,-0.74483115,0.50387667,8.00436556,12.43558244,high acute / low chronic,148,4.80000000,1.80000000,6.60000000,3.10000000,4.60000000
2011,hyderabad,Hyderabad,Sindh,primary,4566,8.50000000,537176.47058824,220.00000000,887.00000000,1707.00000000,978.00000000,601.00000000,173.00000000,4.81822000,19.42620000,37.38500000,21.41920000,13.16250000,3.78887000,4566.00000000,0.00000000,26.82000000,27.23000000,23.92000000,27.50000000,30.00000000,38.00000000,3.00000000,16.00000000,Hyderabad,close,City has a separately identified large-city stratum or close district-city correspondence,2010-11,fsw_2011_xml,pslm_2010_11,spdc_rr85,Table 1,"Table 5.1, PDF pages 403-411","Table 2.14(a), PDF pages 131-135","Table 4.8, PDF pages 399-403","Tables A.3-A.6, PDF pages 16-19",XML table extraction,-0.82102498,-0.53630400,-0.36711588,-0.57481495,-0.62893999,-0.79323973,8.42639283,13.19408194,low acute / low chronic,333,3.80000000,2.20000000,5.90000000,7.20000000,3.90000000
2011,karachi,Karachi,Sindh,primary,25399,5.50000000,4618000.00000000,175.00000000,6298.00000000,10915.00000000,7138.00000000,763.00000000,110.00000000,0.68900400,24.79630000,42.97410000,28.10350000,3.00406000,0.43308800,25399.00000000,0.00000000,50.79000000,51.09000000,20.22000000,21.09000000,24.00000000,25.00000000,1.00000000,3.00000000,Karachi,composite,Metropolitan surveillance geography versus changing multi-district administration,2010-11,fsw_2011_xml,pslm_2010_11,spdc_rr85,Table 1,"Table 5.1, PDF pages 403-411","Table 2.14(a), PDF pages 131-135","Table 4.8, PDF pages 399-403","Tables A.3-A.6, PDF pages 16-19",XML table extraction,-1.10148837,-1.01897760,-0.89156713,-1.00401103,-1.09854951,1.17834429,10.14246508,15.34547227,high acute / low chronic,128,3.00000000,2.00000000,5.00000000,4.30000000,3.20000000
2011,lahore,Lahore,Punjab,primary,23766,11.50000000,2066608.69565217,350.00000000,4597.00000000,12683.00000000,5303.00000000,579.00000000,254.00000000,1.47269000,19.34280000,53.36620000,22.31340000,2.43625000,1.06875000,23766.00000000,0.00000000,37.47000000,38.30000000,24.90000000,26.98000000,24.00000000,27.00000000,2.00000000,3.00000000,Lahore,close,City has a separately identified large-city stratum or close district-city correspondence,2010-11,fsw_2011_xml,pslm_2010_11,spdc_rr85,Table 1,"Table 5.1, PDF pages 403-411","Table 2.14(a), PDF pages 131-135","Table 4.8, PDF pages 399-403","Tables A.3-A.6, PDF pages 16-19",XML table extraction,-0.74674008,-1.01897760,-0.62934150,-0.79835306,-0.87352663,0.08274566,10.07601127,14.54141951,high acute / low chronic,3359,3.80000000,1.60000000,5.40000000,11.90000000,2.90000000
2011,larkana,Larkana,Sindh,primary,1114,8.20000000,135853.65853659,125.00000000,15.00000000,701.00000000,41.00000000,232.00000000,0.00000000,11.22080000,1.34650000,62.92640000,3.68043000,20.82590000,0.00000000,1114.00000000,0.00000000,23.13000000,25.25000000,60.82000000,56.34000000,50.00000000,65.00000000,9.00000000,28.00000000,Larkana,district_proxy,District urban stratum used as city proxy,2010-11,fsw_2011_xml,pslm_2010_11,spdc_rr85,Table 1,"Table 5.1, PDF pages 403-411","Table 2.14(a), PDF pages 131-135","Table 4.8, PDF pages 399-403","Tables A.3-A.6, PDF pages 16-19",XML table extraction,1.97602879,1.07260800,1.20623788,1.41829156,1.55183903,-1.09675016,7.01571242,11.81933355,low acute / high chronic,521,4.70000000,0.30000000,5.00000000,4.40000000,2.00000000
2011,mirpurkhas,Mirpurkhas,Sindh,primary,884,8.50000000,104000.00000000,0.00000000,222.00000000,356.00000000,183.00000000,20.00000000,103.00000000,0.00000000,25.11310000,40.27150000,20.70140000,2.26244000,11.65160000,884.00000000,0.00000000,18.15000000,28.73000000,33.34000000,36.65000000,34.00000000,61.00000000,6.00000000,46.00000000,Mir Pur Khas,district_proxy,District urban stratum used as city proxy,2010-11,fsw_2011_xml,pslm_2010_11,spdc_rr85,Table 1,"Table 5.1, PDF pages 403-411","Table 2.14(a), PDF pages 131-135","Table 4.8, PDF pages 399-403","Tables A.3-A.6, PDF pages 16-19",XML table extraction,-0.10698036,-0.21452160,0.41956100,0.03268635,0.03576412,-1.50636587,6.78445706,11.55214618,low acute / high chronic,202,2.00000000,1.00000000,3.10000000,3.50000000,2.90000000
2011,multan,Multan,Punjab,primary,5308,8.00000000,663500.00000000,148.00000000,448.00000000,2754.00000000,1449.00000000,171.00000000,338.00000000,2.78824000,8.44009000,51.88390000,27.29840000,3.22155000,6.36775000,5308.00000000,0.00000000,39.77000000,41.97000000,34.14000000,44.02000000,32.00000000,52.00000000,3.00000000,26.00000000,Multan,close,City has a separately identified large-city stratum or close district-city correspondence,2010-11,fsw_2011_xml,pslm_2010_11,spdc_rr85,Table 1,"Table 5.1, PDF pages 403-411","Table 2.14(a), PDF pages 131-135","Table 4.8, PDF pages 399-403","Tables A.3-A.6, PDF pages 16-19",XML table extraction,-0.04633963,-0.37541280,-0.36711588,-0.26295610,-0.28771626,0.27192561,8.57697040,13.40528413,high acute / high chronic,789,3.50000000,1.80000000,5.30000000,4.40000000,4.80000000
2011,nawabshah,Nawabshah,Sindh,primary,2011,14.20000000,141619.71830986,170.00000000,525.00000000,839.00000000,146.00000000,331.00000000,0.00000000,8.45351000,26.10640000,41.72050000,7.26007000,16.45950000,0.00000000,2011.00000000,0.00000000,27.58000000,36.72000000,52.79000000,38.35000000,56.00000000,75.00000000,15.00000000,57.00000000,Nawabshah,district_proxy,District urban stratum used as city proxy; later PSLM name is Shaheed Benazirabad,2010-11,fsw_2011_xml,pslm_2010_11,spdc_rr85,Table 1,"Table 5.1, PDF pages 403-411","Table 2.14(a), PDF pages 131-135","Table 4.8, PDF pages 399-403","Tables A.3-A.6, PDF pages 16-19",XML table extraction,1.36734744,1.55528161,2.77959164,1.90074023,2.07971545,-0.73072810,7.60638739,11.86090070,low acute / high chronic,452,4.60000000,0.80000000,5.40000000,4.30000000,6.50000000
2011,peshawar,Peshawar,Khyber Pakhtunkhwa,primary,3317,4.20000000,789761.90476190,0.00000000,529.00000000,1032.00000000,722.00000000,1013.00000000,21.00000000,0.00000000,15.94810000,31.11250000,21.76670000,30.53960000,0.63310200,3317.00000000,0.00000000,34.55000000,30.28000000,45.03000000,44.24000000,53.00000000,62.00000000,7.00000000,19.00000000,Peshawar,close,City has a separately identified large-city stratum or close district-city correspondence,2010-11,fsw_2011_xml,pslm_2010_11,spdc_rr85,Table 1,"Table 5.1, PDF pages 403-411","Table 2.14(a), PDF pages 131-135","Table 4.8, PDF pages 399-403","Tables A.3-A.6, PDF pages 16-19",XML table extraction,0.77913234,1.31394480,0.68178663,0.92495459,1.01204906,-0.15743061,8.10681604,13.57948679,low acute / high chronic,175,3.10000000,2.20000000,5.30000000,1.30000000,3.40000000
2011,quetta,Quetta,Balochistan,primary,3710,10.70000000,346728.97196262,0.00000000,754.00000000,1586.00000000,1370.00000000,0.00000000,0.00000000,0.00000000,20.32350000,42.74930000,36.92720000,0.00000000,0.00000000,3710.00000000,0.00000000,57.44000000,56.26000000,36.00000000,31.94000000,57.00000000,60.00000000,2.00000000,9.00000000,Quetta,close,City has a separately identified large-city stratum or close district-city correspondence,2010-11,fsw_2011_xml,pslm_2010_11,spdc_rr85,Table 1,"Table 5.1, PDF pages 403-411","Table 2.14(a), PDF pages 131-135","Table 4.8, PDF pages 399-403","Tables A.3-A.6, PDF pages 16-19",XML table extraction,0.09465008,1.63572721,-0.62934150,0.36701193,0.40157006,1.72532109,8.21878716,12.75629869,high acute / high chronic,183,3.00000000,2.60000000,5.70000000,5.90000000,6.30000000
2011,rawalpindi,Rawalpindi,Punjab,primary,3635,3.40000000,1069117.64705882,0.00000000,748.00000000,1955.00000000,851.00000000,0.00000000,81.00000000,0.00000000,20.57770000,53.78270000,23.41130000,0.00000000,2.22834000,3635.00000000,0.00000000,44.53000000,46.94000000,16.91000000,16.18000000,22.00000000,29.00000000,3.00000000,16.00000000,Rawalpindi,close,City has a separately identified large-city stratum or close district-city correspondence,2010-11,fsw_2011_xml,pslm_2010_11,spdc_rr85,Table 1,"Table 5.1, PDF pages 403-411","Table 2.14(a), PDF pages 131-135","Table 4.8, PDF pages 399-403","Tables A.3-A.6, PDF pages 16-19",XML table extraction,-1.35238939,-1.17986880,-0.36711588,-0.96645803,-1.05746049,0.66344584,8.19836439,13.88234424,high acute / low chronic,674,2.90000000,1.30000000,4.20000000,4.60000000,3.20000000
2011,sargodha,Sargodha,Punjab,primary,3898,12.50000000,311840.00000000,80.00000000,1621.00000000,1022.00000000,990.00000000,82.00000000,103.00000000,2.05233000,41.58540000,26.21860000,25.39760000,2.10364000,2.64238000,3898.00000000,0.00000000,48.83000000,49.38000000,27.66000000,30.95000000,30.00000000,55.00000000,3.00000000,25.00000000,Sargodha,close,City has a separately identified large-city stratum or close district-city correspondence,2010-11,fsw_2011_xml,pslm_2010_11,spdc_rr85,Table 1,"Table 5.1, PDF pages 403-411","Table 2.14(a), PDF pages 131-135","Table 4.8, PDF pages 399-403","Tables A.3-A.6, PDF pages 16-19",XML table extraction,-0.53752956,-0.53630400,-0.36711588,-0.48031648,-0.52554346,1.01713008,8.26821888,12.65024551,high acute / low chronic,272,3.80000000,3.60000000,7.40000000,6.70000000,3.60000000
2011,sukkur,Sukkur,Sindh,primary,2317,10.50000000,220666.66666667,0.00000000,350.00000000,1326.00000000,260.00000000,308.00000000,73.00000000,0.00000000,15.10570000,57.22920000,11.22140000,13.29310000,3.15063000,2317.00000000,0.00000000,19.33000000,22.79000000,53.54000000,49.05000000,46.00000000,63.00000000,7.00000000,39.00000000,Sukkur,close,City has a separately identified large-city stratum or close district-city correspondence,2010-11,fsw_2011_xml,pslm_2010_11,spdc_rr85,Table 1,"Table 5.1, PDF pages 403-411","Table 2.14(a), PDF pages 131-135","Table 4.8, PDF pages 399-403","Tables A.3-A.6, PDF pages 16-19",XML table extraction,1.42419813,0.75082560,0.68178663,0.95227012,1.04193664,-1.40930833,7.74802852,12.30440855,low acute / high chronic,3623,6.60000000,1.30000000,7.90000000,7.10000000,14.10000000
