relative_path,bytes,sha256
01_Manuscript/Paper1_Main_Manuscript.docx,272874,becd16e5ee2b4727b0d52808360012e6f5711fe90a64020e0a8eac1dda2e74aa
01_Manuscript/Paper1_Main_Manuscript.md,65611,a9ff4e3a0b71f113f136cd18da0dfbd9f21c7a47844a5a7f68867d9324c61c52
02_Title_Page/Paper1_Title_Page.docx,37443,78a14358bd519fa85ef070a9a091cff31cf2d3a2708df3948903799934e9b210
03_Tables/CSV/Table_1_Surveillance_rounds_available_measures_and_analytical_use.csv,595,590f822d7796733d5df08b12afc3969bbcfff909d2e8f763bed1666328275ef7
03_Tables/CSV/Table_2_Primary_density_result_and_principal_sensitivity_analyses_in_2011.csv,699,8ba286b5c9ff7e01654cded73c6a8418b7cd2121e6851ae6670101a78218d7b2
03_Tables/CSV/Table_3_Acute_deterioration_and_chronic_deprivation_across_selected_2011_FSW_markers.csv,237,657230bf47ee9982e6a8bd3b2ecaa8243b74600db8d984de6a18601d2f95592d
03_Tables/CSV/Table_4_Common_city_mapped_population_and_organisational_change_across_economic_periods.csv,299,748db2b8af74703f755a6c6e335d38c7aec5231faa07d0d51c5305c7610f44cc
03_Tables/CSV/Table_5_Selected_round_level_economic_marker_correlations.csv,460,f52f52023b4a68f27efce4f85daf3a57b14e3a8f7ac436bb8f7c0ddfe9724280
03_Tables/Paper1_Manuscript_Tables.docx,39775,488bcf2670a26130dc5925c04e197113936b2fb05d42dd713aafbb29579fe9d0
04_Figures/Figure_1_Recent_economic_deterioration_and_mapped_FSW_density.png,62408,39cb99089662e7dc97884a861776a5e0acbd3cab35c8831e60f892554201a4d5
04_Figures/Figure_1_Recent_economic_deterioration_and_mapped_FSW_density_600dpi.tiff,697514,b534c775c7ab4372c378dba34bce1637c31eb54dd93b7ac1f2d3817d8f1e3c67
04_Figures/Figure_1_source_data.csv,1190,802413cead9afc94d5291a08a79ed2efdb72cd752585c1afa19cc7756bc12e34
04_Figures/Figure_2_Count_city_scale_and_density_contrast.png,73548,207a2faf83ab3e8f6308492050eaa582523cd2c1b58d591ba7ee7db0e77bd0cf
04_Figures/Figure_2_Count_city_scale_and_density_contrast_600dpi.tiff,937788,7c8824136ebcfaadba1ff14f3a2c8f459784c70f6abfbf1ac501b7ddd3711b6e
04_Figures/Figure_2_source_data.csv,13432,18ab33ad19f94af017e648690a4d09b5794feb6f8c9839aa42283b4aa493a273
04_Figures/Figure_3_Mapped_population_change_during_deterioration_and_recovery.png,95407,2f555de0ab261d308f9f24f512a67b393a00ade8cbb60e60cc02d6b13cf725f9
04_Figures/Figure_3_Mapped_population_change_during_deterioration_and_recovery_600dpi.tiff,1716430,855da35799f7b75ba98b8aec0d9fa1385a32583211d4df7211aa4edc8e407081
04_Figures/Figure_3_source_data_city_counts.csv,3823,ddf947da6282269556ec0685f8525ecd7a1aa24176e0431f01318f1a6dc16fe3
04_Figures/Figure_3_source_data_period_contrasts.csv,1824,1973e982a75471e0e46c639c33998ec0a63056ac45c6589bb1ab17e5c2e54094
04_Figures/Figure_captions.txt,722,7452cd20e0880d1260b3f41c35ecb78491949a12ea59f16804ba94e6656fdb23
05_Supplementary_Material/Paper1_Supplementary_Appendix.docx,52848,2d86c185d638943db5b818cfe720a2f4c076df12332f1d6b4a9daa4337454154
06_Reporting_Checklist/Paper1_STROBE_Cross_Sectional_Checklist.docx,38535,06a0d5e17526b7ffc76987bfaa7dec746bc0a774598e406f66b52d842f4ecbcb
07_References/Paper1_References_45.bib,18734,12fc721296fef86daf30bd9bfef7d6145b0a69955f125be21e003c6337e3c983
07_References/Paper1_Vancouver_Reference_List.txt,11172,d3f3fc9ebdc4ee35983e3e72eec3d46a9fc25f6c4cb5af4c0134723a2e793dfb
08_Reproducibility/data/processed/geographic_crosswalk.csv,6672,630575c352ee98359e4de82edbc93df41c49c33d56344ee60514f35a130bb0ee
08_Reproducibility/data/processed/paper1_2011_exploratory_features.csv,13432,18ab33ad19f94af017e648690a4d09b5794feb6f8c9839aa42283b4aa493a273
08_Reproducibility/data/processed/paper1_2011_network_structure.csv,2004,2a64e7351ec1865a4d5f5562a0bb9aa07bf7f5bd3c8d9c9660475b91664c3c05
08_Reproducibility/data/processed/paper1_city_round_master.csv,21948,d8fc6ac6f04f41a82ecae16dcc8e650fba44e9f9b44a27793cb946fdf1384c28
08_Reproducibility/data/processed/paper1_data_dictionary.csv,3607,3c838b80f9d5e7f51bae8a1d3f1da112174a9a1abd2c093da4489434a6a3c050
08_Reproducibility/data/processed/paper1_round_macro_context.csv,946,b95064c8b1af52da45a842df06ab1549d6c9ad74014df3a57930c517f991fbb4
08_Reproducibility/data/processed/round_comparability.csv,547,7abdd2d51fa8f093e730ff8364aea90d560fadc712d2e26972439a5025c6c0d7
08_Reproducibility/data/source_manifest.csv,6460,7d6bae276663ffca959eff5be682dedd1703fc8c550315d6bc407420c4177a47
08_Reproducibility/README.md,6883,d38bc8296129e732d320298a0fcd5b5834957beffdd7dc42f00d5be351dc6221
08_Reproducibility/requirements.txt,57,aae383c25a7243a1ea5910564c02a4adeca7bcc1072fca42627e924ef3fc26f5
08_Reproducibility/results/analysis_summary.md,28293,dd3d24d6b2b373e509a31e24f35ba7af39e28c5fa2e6a4ceeb1b83af5265f6bc
08_Reproducibility/results/confirmatory_analysis_summary.md,5614,b9889111b17d849878671ae24375be8b8156c917ef84fb7bbd85dcb019448231
08_Reproducibility/results/diagnostics/complete_validation.json,9552,de97db9b4b6c46e64c569d6f74805afabe5d090ce69b9f6097f0827e249fcd12
08_Reproducibility/results/diagnostics/complete_validation.md,5397,0795dbd9c91ab327fbc37aecdaeba145aebd0583ff4e54c08a0cde2286491138
08_Reproducibility/results/diagnostics/exploratory_analysis_manifest.json,476,f1d477aa85c86c25dc352da125869ed20396c91c02842c8e1f714b5cd9ec90f1
08_Reproducibility/results/diagnostics/exploratory_validation.json,6350,00632eeb76f426a6de1aaa7b6c9db4befe2803ea352516d6f5618e207e0f9d37
08_Reproducibility/results/diagnostics/exploratory_validation.md,3765,259375eaecfd5c363e493f118d8f9b500372ab0eb7cdac9eb93026183a78028d
08_Reproducibility/results/diagnostics/influence_diagnostics_2011.csv,1113,2da28623aea2b63831ab317ce451338029e3d255768315241ccc019bc6fa066a
08_Reproducibility/results/diagnostics/macro_marker_analysis.json,183,f327ec0addfe6a49f89d0947307d046da64365760c2fcecd6398693c6cdbac9c
08_Reproducibility/results/diagnostics/primary_analysis.json,559,6f5d0799822d405f5a6ba072e93ea463cac6ed37f3c4e9e3354f89dca78f3618
08_Reproducibility/results/diagnostics/validation_report.json,11599,59a3e05bffacf72513d79fed2157d57566081c1e92445b5e0c69681c9c59d7c2
08_Reproducibility/results/diagnostics/validation_report.md,7614,bd31218766129912488f1caa491006a8716fba353f38c2ac6123d709444bb502
08_Reproducibility/results/tables/current_findings.csv,4385,67eedab560acff013d9a4115643e5f21a9e2ab42a772f8e1b133b9fa38c04a13
08_Reproducibility/results/tables/exploratory_2011_association_atlas.csv,8479,c9f04cb89b1f9d81c55e2b7523cf730be1966a5151321b07e87e0b8464748428
08_Reproducibility/results/tables/exploratory_2011_network_associations.csv,2581,92f66ef2347bd1c56bafa53656ec663efc0852644cf4835547ef4f3f9b89242c
08_Reproducibility/results/tables/exploratory_city_archetypes.csv,1949,077492aafbac82c23ccaf8288d5adee1d34d82b48b663d5e58d884f08190fd1d
08_Reproducibility/results/tables/exploratory_cross_round_change_associations.csv,2485,86339cc67a2cbc66b25d52c2435395fbbd5c675c2bc58225f0282231ba2c7210
08_Reproducibility/results/tables/exploratory_cross_round_city_transitions.csv,3792,ead08c0067a09ace94ffe6cbcc2765e25fe6cb74d30f00192b6214590e62e0c8
08_Reproducibility/results/tables/exploratory_cross_round_transition_summary.csv,445,62fc4486ca3c91bf5cee0d709ad69b9676e46b92c50272c99c989ee768bc1a2f
08_Reproducibility/results/tables/exploratory_economic_intercorrelations.csv,969,656eaf1ddbefd3fc2a9a2226ec41a9ba61ccf0ecc85717ad247e53d03b867b6d
08_Reproducibility/results/tables/exploratory_hypothesis_ledger.csv,2253,dd89f65e6b3620cc087cd941e54a589ccf7c92a4528ebc490b6d9dd45c4eadc8
08_Reproducibility/results/tables/exploratory_macro_improvement_city_counts.csv,3823,ddf947da6282269556ec0685f8525ecd7a1aa24176e0431f01318f1a6dc16fe3
08_Reproducibility/results/tables/exploratory_macro_improvement_contrasts.csv,1824,1973e982a75471e0e46c639c33998ec0a63056ac45c6589bb1ab17e5c2e54094
08_Reproducibility/results/tables/exploratory_nonlinear_loocv.csv,226,cf7d3f65b7997aef47205bc5323977d001da1d0d3d20b43f0d258be2fe94cb9e
08_Reproducibility/results/tables/exploratory_paired_count_tests.csv,966,40a37190afd7a3c007c0b581df377cdf3f579ceb5970db6efdf1ba3d19be4fa8
08_Reproducibility/results/tables/exploratory_round_economic_mapping_context.csv,1280,76e36ab392f77c423dbc7ff60148b5b56b38e1e0e9688f9808c9a8e95b28512b
08_Reproducibility/results/tables/exploratory_two_exposure_models.csv,2755,0e94eea27d675fc7901c425150fa21cbc4a94dadce8f1d0b5cc3237a1a9014a9
08_Reproducibility/results/tables/macro_marker_assumption_tests.csv,2416,a31cc34500fec7e93d655ad10cd2613d24099127b63fb91f2a1ec099cfc51787
08_Reproducibility/results/tables/macro_marker_correlations.csv,4742,f644e478a4827b28bbf813e4d1d2634a963d9ca454c645616fe1b3ef19f0e8b3
08_Reproducibility/results/tables/macro_marker_round_panel.csv,1704,67f97eadf6765f5f68cf80abd1b579e15578e5bb2a420ff6823a42a6f866f07a
08_Reproducibility/results/tables/stock_persistence_signal.csv,1183,d9339bd2f0d82563913d7453dfe71635272294f83b11b0f6e94d6de24e16a49c
08_Reproducibility/results/tables/table_cross_round_change_data.csv,1261,b1219dc7f51e615f8579709bafc1c5f5e63831f7b45f919ff76ba08bb97cc2b2
08_Reproducibility/results/tables/table_cross_round_change_tests.csv,355,68789e5eff178a9853c273c318ee0a880a1749a863d6fa28112836fba4228c0d
08_Reproducibility/results/tables/table_ols_models.csv,966,55111c5c11eade57ec1397f6ff2c00395980a7f198e5359a42a4759dc545039d
08_Reproducibility/results/tables/table_primary_city_data.csv,1190,802413cead9afc94d5291a08a79ed2efdb72cd752585c1afa19cc7756bc12e34
08_Reproducibility/results/tables/table_primary_result.csv,290,de07e72db999b2e4be0499e4c4aef98751a64779614ca3e534c5b0aec642947b
08_Reproducibility/results/tables/table_round_descriptives.csv,273,8193c448ff66c8d67f5103fa9415e8a667c16ae2855598a6aabfbc3aaae4aab7
08_Reproducibility/results/tables/table_secondary_correlations.csv,701,3fb354b599a1d696781a1c0af0f8a2d380dc71ab96b35b69c9d854f97dd92ab7
08_Reproducibility/results/tables/table_sensitivity_correlations.csv,2482,0f3b9318ddefc25bdeac5e051ca1e94c55cc00622531c4d699b4f236cf715a7c
08_Reproducibility/results/tables/table_structural_replication.csv,606,fe4085be7d2c6269020fb12f38da9f42586fa34e771b903f4c48827ed92dd0f1
08_Reproducibility/scripts/run_full_analysis.ps1,940,a4eaefdd1d65dc672c02fa23ac1768e85234eb34e67bd19ff45e58103c74bce7
08_Reproducibility/scripts/validate_literature_repository.py,4276,e8f3759ec2c3c86efebfb2c0e8aa670762203e31213290d1e08f4453abd60816
08_Reproducibility/scripts/validate_manuscript.py,4845,b354a823ff93fd48182dd0f1cb280d3e7ab8d30ba8ef2b3db76c898299c1aed4
08_Reproducibility/src/__pycache__/analyse_exploratory.cpython-312.pyc,34357,596e7bf0e5026e09c83b1d5dfd4a72c75659d76a7bbdcbc9ed321e3280f23a89
08_Reproducibility/src/__pycache__/analyse_macro_markers.cpython-312.pyc,15490,2582e41edc6dcc4aa321734a329df111d19866389e74896d138d374a151dab29
08_Reproducibility/src/__pycache__/analyse_primary.cpython-312.pyc,16643,5135096c5e39dbd5d106bfbeb7745220f2d55c82cbe36199c0ab252df1f13f01
08_Reproducibility/src/__pycache__/analyse_replication.cpython-312.pyc,6008,cfdccea8f71d40894e06d89f3a834918d4555aebbc87aa2a957841ae79675133
08_Reproducibility/src/__pycache__/build_dataset.cpython-312.pyc,19642,2bd07490767d80ce20c46c0534696bc4d25a15182cb454e8fb3b912b0205afa3
08_Reproducibility/src/__pycache__/make_complete_analysis.cpython-312.pyc,52680,bc76752157c71a0ddb2f8b4509ddbe60736b43db8167967a4b54741b39f12413
08_Reproducibility/src/__pycache__/make_exploratory_outputs.cpython-312.pyc,47748,0d6e9705d94ff7c0766ddb3e1acd3f8a7f3d03406f273e88492d0d552d912196
08_Reproducibility/src/__pycache__/make_outputs.cpython-312.pyc,23227,39f0aa32f81340066c3fdb1f7d8f1332794cb67bf8a079a28fddf968619b6456
08_Reproducibility/src/__pycache__/validate_complete_analysis.cpython-312.pyc,21476,e8d056855c382a0e8f42583bd46fd343a4cca2d1324797515be111740ba95cd9
08_Reproducibility/src/__pycache__/validate_data.cpython-312.pyc,10705,517d3e9538babf3fbf0378aee58dcaff8b2f994a648434ac0a1b4e9aa785020e
08_Reproducibility/src/__pycache__/validate_exploratory.cpython-312.pyc,18704,f8b4c13230c2e4c673f0c92eb1f48c678a7663609c23f5c137ca2149c532b7c3
08_Reproducibility/src/analyse_exploratory.py,28769,5f22ac073075d026552ebe87b15dd5b676e43ae959cbabb3885ed68d4d37e3cb
08_Reproducibility/src/analyse_macro_markers.py,13003,bfb429dff5f4b3a8e66823438a598714c205ae26b18f854acf9870bcc421a503
08_Reproducibility/src/analyse_primary.py,9576,607989059969cb81c2b8a79fc67b27eb0257368b02833caaee72a98e1f31a7ed
08_Reproducibility/src/analyse_replication.py,4152,ddcfd7b2437616a51b65f7a33503acda7d13dcc2918fcaaa37ab67f4c62a7600
08_Reproducibility/src/build_dataset.py,17548,110d9a2fae25236e4e70eeb5822d37cfc83a783462e0225bfae50590a1cc4684
08_Reproducibility/src/make_complete_analysis.py,44658,cff23b8c4040fb0b45e94953de0e22112f230b6498064d020a05109b1f0f4107
08_Reproducibility/src/make_exploratory_outputs.py,33774,ea3695da8fee113d25503eb82f38b26f8cee9dab4c3118ac6a5333e177d180e2
08_Reproducibility/src/make_outputs.py,15453,7a0463b090c313b8e267e43d566b5d628799f0fae75ef64666e97d36a4024abf
08_Reproducibility/src/validate_complete_analysis.py,12509,ad17b1e1eda70aec96c7ec2a80d5d4680820f8d70a780e5b7f9a572728d3a12f
08_Reproducibility/src/validate_data.py,5623,dd1422bc1426ca3b05ff8ec432a0765f461575810a5092731d2e72bccbe07480
08_Reproducibility/src/validate_exploratory.py,10467,9bd8c2a5340dc2aafd59cc4f9ce3acd7f2cf86696252c88bdcc69a72ed9dfa82
09_Journal_Target/JOURNAL_TARGET_RECOMMENDATION.md,5544,f466d4cc6a60ea115807b67707be0082fa937e95fccfc824dead5c529fe3dcd0
README.md,931,449bd2f060919eb638014627e494c0bc26f2fbbd4ea6428b27abdb84098fa7a9
