source_id,category,period,title,publisher,url,local_path,analysis_role,access_status,bytes,sha256,notes
fsw_r2_2006_07,sexwork,2006-07,HIV Second Generation Surveillance in Pakistan National Report Round II,National AIDS Control Programme,https://www.nacp.gov.pk/repository/howwework/pdf/SGS%20Round%202%20Report%202006-07.pdf,data/raw/sexwork/2006_07/nacp_round2_2006_07.pdf,structural_replication,acquired,1783624,d7b9445453e75257e8b2d4800a7c4a4ecd7a20cc097ad0b246fc8b716216f9e3,FSW typology counts; no city density located
fsw_2011_xml,sexwork,2011,The organization and structure of female sex work in Pakistan,Sexually Transmitted Infections / Europe PMC,https://www.ebi.ac.uk/europepmc/webservices/rest/PMC3841711/fullTextXML,data/raw/sexwork/2011/emmanuel_2013_fsw_structure.xml,primary,acquired,63630,7d2c09f8f602cb3b9218bc08a683610854cf2928e4a2d01b9b60d0363f952234,Machine-readable Table 1 and Table 2
fsw_r4_2011,sexwork,2011,HIV Second Generation Surveillance in Pakistan National Report Round IV,National AIDS Control Programme,https://www.anf.gov.pk/library/report-round4-2011.pdf,data/raw/sexwork/2011/nacp_round4_2011.pdf,primary,acquired,92993048,d142d367de95ba7f3a0a73099d817138d2dbc8dc8dddfc617f6a2e2035927109,Primary report supporting the article table
fsw_punjab_2014,sexwork,2014,Integrated Biological and Behavioral Surveillance in Punjab 2014,Punjab AIDS Control Program,https://phkh.nhsrc.pk/sites/default/files/2021-01/IBBS%20Punjab%202014.pdf,data/raw/sexwork/2014/punjab_ibbs_2014.pdf,structural_replication,acquired,1254697,58b5271cdd5d4ae67c2587304dc94e852e04f8a45b8e2bee7771679aee986bda,Four-city Punjab typology counts
fsw_mapping_2015_16,sexwork,2015-16,Mapping of Key Populations in Pakistan 2015 executive-summary excerpt,National AIDS Control Programme / MEDBOX,https://medbox.org/document/mapping-of-key-populations-in-pakistan-2015,data/raw/sexwork/2016_17/nacp_mapping_key_populations_2015_16_excerpt.pdf,context_only,acquired,9424525,f1abe53f26e12b98e64f363754cb96028e1555ba3717d928743a57dde9046ffd,Excerpt lacks full city tables
fsw_r5_2016_17,sexwork,2016-17,Integrated Biological and Behavioral Surveillance in Pakistan Round 5,National AIDS Control Programme,https://www.nacp.gov.pk/repository/howwework/pdf/IBBS%20Report%20Round%205.pdf,data/raw/sexwork/2016_17/nacp_ibbs_round5_2016_17.pdf,context_only,acquired,5875077,e6980430ed79a2ffe286680c6938a38ead8e8d5e1f73a8fcbd1de84a163ff485,City FSW totals; no city density or typology composition
pslm_2006_07,economic,2006-07,PSLM 2006-07 District Level Report,Pakistan Bureau of Statistics,https://www.pbs.gov.pk/sites/default/files/pslm/publications/pslm2006_07/pslm2006_07.pdf,data/raw/economic/pslm/pslm_2006_07_district.pdf,replication_exposure,acquired,1762743,8cb90d595a2d56de04a988dab3811904c5f1db7a7821ed3eee76537790d2f993,District and urban-stratum indicators
pslm_2010_11,economic,2010-11,PSLM 2010-11 District Level Report,Pakistan Bureau of Statistics,https://www.pbs.gov.pk/sites/default/files/pslm/publications/pslm2010_11/pslm2010_11.pdf,data/raw/economic/pslm/pslm_2010_11_district.pdf,primary_exposure,acquired,1946808,812496cfca71b09218caf84cd148b23fcf3658e32bfb52dd08823196040ad194,District and urban-stratum indicators
pslm_2014_15,economic,2014-15,PSLM 2014-15 District Level Report,Pakistan Bureau of Statistics,https://www.pbs.gov.pk/sites/default/files/pslm/publications/pslm2014_15/pslm_2014-15_national-provincial-district_report.pdf,data/raw/economic/pslm/pslm_2014_15_district.pdf,replication_exposure,acquired,10171268,e251a9bd0c43cb51f0b8bf80821ee57d79437e57a7ee42855b51b645037f2ac1,District and urban-stratum indicators
spdc_rr85,economic,2010-11,Estimating Sub-national Poverty and Inequality in Pakistan,Social Policy and Development Centre,https://www.spdc.org.pk/assets/upload/RR-85.pdf,data/raw/economic/poverty_estimates/jamal_2013_rr85_subnational_poverty.pdf,secondary_exposure,acquired,217717,d9070c2dbd23d46ab83664103470b78848b4c56db7e29e671cda4af28edc579c,Model-based district poverty estimates
lfs_2010_11,economic,2010-11,Labour Force Survey 2010-11 Annual Report,Pakistan Bureau of Statistics,https://www.pbs.gov.pk/wp-content/uploads/2020/07/merged_pdf2010report.pdf,data/raw/economic/lfs/lfs_2010_11_annual_report.pdf,context_only,acquired,1042199,b889e80b1acc4b11c2d5a249ccc017fa0b9077d629b98a998844c6a9a31e19d4,National/provincial representativeness
lfs_2014_15,economic,2014-15,Labour Force Survey 2014-15 Annual Report,Pakistan Bureau of Statistics,https://www.pbs.gov.pk/wp-content/uploads/2020/07/Annual_Report_of_LFS_2014-15-1.pdf,data/raw/economic/lfs/lfs_2014_15_annual_report.pdf,context_only,acquired,1111773,0d7e7e145f8f8dd12e5840387e8806713315b98c6a2af623bdaa0b5ea6df7251,National/provincial representativeness
lfs_2017_18,economic,2017-18,Labour Force Survey 2017-18 Annual Report,Pakistan Bureau of Statistics,https://www.pbs.gov.pk/wp-content/uploads/2020/07/Annual-Report-of-LFS-2017-18.pdf,data/raw/economic/lfs/lfs_2017_18_annual_report.pdf,context_only,acquired,1615654,f279ea72e131f059ee3f8ef85c0f54ee0fe8d5e5c1e3cea358f2e5c1e9168904,National/provincial representativeness
pes_2006_07,economic,2006-07,Pakistan Economic Survey 2006-07 Overview,Ministry of Finance,https://www.finance.gov.pk/survey_0607.html,data/raw/economic/economic_surveys/pakistan_economic_survey_2006_07_overview.pdf,context_only,acquired,269904,2d1fb11c96423118fd7a65e63b9d4f0856c8d358c19a3d38ef88c6f1d77fa7b9,Macroeconomic context
pes_2010_11,economic,2010-11,Pakistan Economic Survey 2010-11 Overview,Ministry of Finance,https://www.finance.gov.pk/survey_1011.html,data/raw/economic/economic_surveys/pakistan_economic_survey_2010_11_overview.pdf,context_only,acquired,136396,241b4937589b9b66c32ed7c5ae6eeb5390aa41afa998a2b3919fe82973b6c0ee,Macroeconomic context
pes_2014_15,economic,2014-15,Pakistan Economic Survey 2014-15 Overview,Ministry of Finance,https://www.finance.gov.pk/survey_1415.html,data/raw/economic/economic_surveys/pakistan_economic_survey_2014_15_overview.pdf,context_only,acquired,246379,5630c2942827efa4d103e18f981c29408da56f7cfaccc55fc81b971045a4eec6,Macroeconomic context
pes_2016_17,economic,2016-17,Pakistan Economic Survey 2016-17 Overview,Ministry of Finance,https://www.finance.gov.pk/survey_1617.html,data/raw/economic/economic_surveys/pakistan_economic_survey_2016_17_overview.pdf,context_only,acquired,220442,4a19afa1241fc27277f05e0d9e4cbe9d775dfe64e9b5ea6db73194ec76452aeb,Macroeconomic context
